category,severity,key,detail
execution,low,trdmatchid,"{""trdmatchid"":""8ed66a15…"",""file"":""aoa-execution-2018-03-01-2018-12-31.csv"",""ts"":""2018-11-13 09:43:46.78979"",""symbol"":""BCHZ18"",""side"":""Buy"",""lastqty"":1,""lastpx"":0.0654,""liquidity"":""RemovedLiquidity""}"
execution,low,trdmatchid,"{""trdmatchid"":""05aef01a…"",""file"":""aoa-execution-2019-01-01-2020-12-31.csv"",""ts"":""2019-03-30 04:06:22.046248"",""symbol"":""XBTUSD"",""side"":""Buy"",""lastqty"":200,""lastpx"":4078,""liquidity"":""AddedLiquidity""}"
execution,low,trdmatchid,"{""trdmatchid"":""e77b0d34…"",""file"":""aoa-execution-2019-01-01-2020-12-31.csv"",""ts"":""2019-04-16 18:11:27.039934"",""symbol"":""XBTUSD"",""side"":""Buy"",""lastqty"":6971,""lastpx"":5207.5,""liquidity"":""AddedLiquidity""}"
execution,low,time_inversion,"{""file"":""aoa-execution-2018-03-01-2018-12-31.csv"",""prevTs"":""2018-03-05 10:35:08.14342"",""ts"":""2018-03-05 07:28:18.063937"",""symbol"":""XBTUSD"",""type"":""Trade""}"
execution,low,time_inversion,"{""file"":""aoa-execution-2018-03-01-2018-12-31.csv"",""prevTs"":""2018-03-05 20:37:37.834668"",""ts"":""2018-03-05 18:44:09.799976"",""symbol"":""XBTUSD"",""type"":""Trade""}"
execution,low,time_inversion,"{""file"":""aoa-execution-2018-03-01-2018-12-31.csv"",""prevTs"":""2018-03-05 18:54:44.152336"",""ts"":""2018-03-05 12:00:00.0"",""symbol"":""XBTUSD"",""type"":""Funding""}"
execution,low,time_inversion,"{""file"":""aoa-execution-2018-03-01-2018-12-31.csv"",""prevTs"":""2018-03-06 20:00:00.0"",""ts"":""2018-03-06 00:03:12.792359"",""symbol"":""XBTUSD"",""type"":""Trade""}"
execution,low,time_inversion,"{""file"":""aoa-execution-2018-03-01-2018-12-31.csv"",""prevTs"":""2018-03-06 14:18:57.009359"",""ts"":""2018-03-06 01:00:29.349048"",""symbol"":""XBTUSD"",""type"":""Trade""}"
execution,low,time_inversion,"{""file"":""aoa-execution-2018-03-01-2018-12-31.csv"",""prevTs"":""2018-03-06 23:21:02.95893"",""ts"":""2018-03-06 07:16:01.443339"",""symbol"":""XBTUSD"",""type"":""Trade""}"
execution,low,time_inversion,"{""file"":""aoa-execution-2018-03-01-2018-12-31.csv"",""prevTs"":""2018-03-08 08:24:05.307229"",""ts"":""2018-03-08 02:02:50.439644"",""symbol"":""XBTUSD"",""type"":""Trade""}"
execution,low,time_inversion,"{""file"":""aoa-execution-2018-03-01-2018-12-31.csv"",""prevTs"":""2018-03-08 04:32:46.530854"",""ts"":""2018-03-08 03:12:43.040266"",""symbol"":""XBTUSD"",""type"":""Trade""}"
execution,low,time_inversion,"{""file"":""aoa-execution-2018-03-01-2018-12-31.csv"",""prevTs"":""2018-03-09 13:39:33.281076"",""ts"":""2018-03-09 05:49:16.663947"",""symbol"":""XBTUSD"",""type"":""Trade""}"
execution,low,time_inversion,"{""file"":""aoa-execution-2018-03-01-2018-12-31.csv"",""prevTs"":""2018-03-09 23:34:51.963421"",""ts"":""2018-03-09 08:02:38.925286"",""symbol"":""XBTUSD"",""type"":""Trade""}"
execution,low,time_inversion,"{""file"":""aoa-execution-2018-03-01-2018-12-31.csv"",""prevTs"":""2018-03-09 22:49:12.638352"",""ts"":""2018-03-09 16:26:58.662496"",""symbol"":""XBTUSD"",""type"":""Trade""}"
execution,low,time_inversion,"{""file"":""aoa-execution-2018-03-01-2018-12-31.csv"",""prevTs"":""2018-03-09 16:26:58.662496"",""ts"":""2018-03-09 06:04:58.283157"",""symbol"":""XBTUSD"",""type"":""Trade""}"
execution,low,time_inversion,"{""file"":""aoa-execution-2018-03-01-2018-12-31.csv"",""prevTs"":""2018-03-09 09:34:07.673188"",""ts"":""2018-03-09 06:59:11.975194"",""symbol"":""XBTUSD"",""type"":""Trade""}"
execution,low,time_inversion,"{""file"":""aoa-execution-2018-03-01-2018-12-31.csv"",""prevTs"":""2018-03-09 11:58:36.572523"",""ts"":""2018-03-09 07:08:43.313202"",""symbol"":""XBTUSD"",""type"":""Trade""}"
execution,low,time_inversion,"{""file"":""aoa-execution-2018-03-01-2018-12-31.csv"",""prevTs"":""2018-03-09 14:02:28.995228"",""ts"":""2018-03-09 05:15:24.341111"",""symbol"":""XBTUSD"",""type"":""Trade""}"
execution,low,time_inversion,"{""file"":""aoa-execution-2018-03-01-2018-12-31.csv"",""prevTs"":""2018-03-09 23:48:19.357954"",""ts"":""2018-03-09 12:41:44.370519"",""symbol"":""XBTUSD"",""type"":""Trade""}"
execution,low,time_inversion,"{""file"":""aoa-execution-2018-03-01-2018-12-31.csv"",""prevTs"":""2018-03-10 21:46:08.710301"",""ts"":""2018-03-10 00:01:42.11942"",""symbol"":""XBTUSD"",""type"":""Trade""}"
execution,low,time_inversion,"{""file"":""aoa-execution-2018-03-01-2018-12-31.csv"",""prevTs"":""2018-03-11 23:02:39.80453"",""ts"":""2018-03-11 14:03:35.524031"",""symbol"":""XBTUSD"",""type"":""Trade""}"
execution,low,time_inversion,"{""file"":""aoa-execution-2018-03-01-2018-12-31.csv"",""prevTs"":""2018-03-11 22:32:56.663498"",""ts"":""2018-03-11 01:21:35.766086"",""symbol"":""XBTUSD"",""type"":""Trade""}"
execution,low,time_inversion,"{""file"":""aoa-execution-2018-03-01-2018-12-31.csv"",""prevTs"":""2018-03-11 23:02:39.80453"",""ts"":""2018-03-11 01:23:07.691743"",""symbol"":""XBTUSD"",""type"":""Trade""}"
wallet,medium,balance_continuity_row,"{""date"":""2018-03-30"",""type"":""RealisedPNL"",""amount"":-14091071,""running"":157899756,""balance"":241155794,""diffSatoshi"":-83256038,""diffXbt"":-0.83256038}"
wallet,medium,balance_continuity_row,"{""date"":""2018-03-31"",""type"":""RealisedPNL"",""amount"":4856154,""running"":225891948,""balance"":256337277,""diffSatoshi"":-30445329,""diffXbt"":-0.30445329}"
wallet,medium,balance_continuity_row,"{""date"":""2018-03-31"",""type"":""RealisedPNL"",""amount"":-5961831,""running"":219930117,""balance"":256337277,""diffSatoshi"":-36407160,""diffXbt"":-0.3640716}"
wallet,medium,balance_continuity_row,"{""date"":""2018-04-01"",""type"":""RealisedPNL"",""amount"":-24319569,""running"":211897708,""balance"":172513107,""diffSatoshi"":39384601,""diffXbt"":0.39384601}"
wallet,medium,balance_continuity_row,"{""date"":""2018-04-02"",""type"":""RealisedPNL"",""amount"":6009606,""running"":178522713,""balance"":121184156,""diffSatoshi"":57338557,""diffXbt"":0.57338557}"
wallet,medium,balance_continuity_row,"{""date"":""2018-04-03"",""type"":""RealisedPNL"",""amount"":-27395505,""running"":93788651,""balance"":54963422,""diffSatoshi"":38825229,""diffXbt"":0.38825229}"
wallet,medium,balance_continuity_row,"{""date"":""2018-04-05"",""type"":""RealisedPNL"",""amount"":2178189,""running"":90790355,""balance"":101019290,""diffSatoshi"":-10228935,""diffXbt"":-0.10228935}"
wallet,medium,balance_continuity_row,"{""date"":""2018-04-06"",""type"":""RealisedPNL"",""amount"":3583007,""running"":104602297,""balance"":129393303,""diffSatoshi"":-24791006,""diffXbt"":-0.24791006}"
wallet,medium,balance_continuity_row,"{""date"":""2018-04-10"",""type"":""RealisedPNL"",""amount"":1418755,""running"":154846440,""balance"":168324675,""diffSatoshi"":-13478235,""diffXbt"":-0.13478235}"
wallet,medium,balance_continuity_row,"{""date"":""2018-04-13"",""type"":""RealisedPNL"",""amount"":196440,""running"":169153868,""balance"":173787525,""diffSatoshi"":-4633657,""diffXbt"":-0.04633657}"
wallet,medium,balance_continuity_row,"{""date"":""2018-04-17"",""type"":""RealisedPNL"",""amount"":3007088,""running"":247640318,""balance"":347227419,""diffSatoshi"":-99587101,""diffXbt"":-0.99587101}"
wallet,medium,balance_continuity_row,"{""date"":""2018-04-23"",""type"":""RealisedPNL"",""amount"":7422086,""running"":303141985,""balance"":312122655,""diffSatoshi"":-8980670,""diffXbt"":-0.0898067}"
wallet,medium,balance_continuity_row,"{""date"":""2018-04-24"",""type"":""RealisedPNL"",""amount"":6244076,""running"":318366731,""balance"":402728379,""diffSatoshi"":-84361648,""diffXbt"":-0.84361648}"
wallet,medium,balance_continuity_row,"{""date"":""2018-04-25"",""type"":""RealisedPNL"",""amount"":8966767,""running"":311575146,""balance"":304698234,""diffSatoshi"":6876912,""diffXbt"":0.06876912}"
wallet,medium,balance_continuity_row,"{""date"":""2018-04-27"",""type"":""Withdrawal"",""amount"":-100120000,""running"":326341302,""balance"":380937178,""diffSatoshi"":-54595876,""diffXbt"":-0.54595876}"
wallet,medium,balance_continuity_row,"{""date"":""2018-04-28"",""type"":""RealisedPNL"",""amount"":54595876,""running"":380937178,""balance"":481057178,""diffSatoshi"":-100120000,""diffXbt"":-1.0012}"
wallet,medium,balance_continuity_row,"{""date"":""2018-04-29"",""type"":""RealisedPNL"",""amount"":33452667,""running"":414389845,""balance"":413219623,""diffSatoshi"":1170222,""diffXbt"":0.01170222}"
wallet,medium,balance_continuity_row,"{""date"":""2018-04-29"",""type"":""RealisedPNL"",""amount"":-1731985,""running"":412657860,""balance"":413219623,""diffSatoshi"":-561763,""diffXbt"":-0.00561763}"
wallet,medium,balance_continuity_row,"{""date"":""2018-05-04"",""type"":""RealisedPNL"",""amount"":16061478,""running"":433666881,""balance"":413071686,""diffSatoshi"":20595195,""diffXbt"":0.20595195}"
wallet,medium,balance_continuity_row,"{""date"":""2018-05-07"",""type"":""RealisedPNL"",""amount"":20063251,""running"":434811006,""balance"":463516754,""diffSatoshi"":-28705748,""diffXbt"":-0.28705748}"
wallet,medium,balance_continuity_day_end,"{""date"":""2018-04-28"",""endRunning"":380937178,""endBalance"":481057178,""diffSatoshi"":-100120000,""diffXbt"":-1.0012}"
wallet,medium,balance_continuity_day_end,"{""date"":""2018-04-27"",""endRunning"":326341302,""endBalance"":380937178,""diffSatoshi"":-54595876,""diffXbt"":-0.54595876}"
wallet,medium,balance_continuity_day_end,"{""date"":""2021-06-08"",""endRunning"":120302451999,""endBalance"":120302000000,""diffSatoshi"":451999,""diffXbt"":0.00451999}"
wallet,medium,balance_continuity_day_end,"{""date"":""2021-06-20"",""endRunning"":117513423262,""endBalance"":117513000000,""diffSatoshi"":423262,""diffXbt"":0.00423262}"
wallet,medium,balance_continuity_day_end,"{""date"":""2021-06-14"",""endRunning"":134444576920,""endBalance"":134445000000,""diffSatoshi"":-423080,""diffXbt"":-0.0042308}"
wallet,medium,balance_continuity_day_end,"{""date"":""2021-06-05"",""endRunning"":100334421760,""endBalance"":100334000000,""diffSatoshi"":421760,""diffXbt"":0.0042176}"
wallet,medium,balance_continuity_day_end,"{""date"":""2021-06-21"",""endRunning"":122292418343,""endBalance"":122292000000,""diffSatoshi"":418343,""diffXbt"":0.00418343}"
wallet,medium,balance_continuity_day_end,"{""date"":""2021-06-11"",""endRunning"":125453389378,""endBalance"":125453000000,""diffSatoshi"":389378,""diffXbt"":0.00389378}"
wallet,medium,balance_continuity_day_end,"{""date"":""2021-06-15"",""endRunning"":136565619734,""endBalance"":136566000000,""diffSatoshi"":-380266,""diffXbt"":-0.00380266}"
wallet,medium,balance_continuity_day_end,"{""date"":""2021-06-16"",""endRunning"":136893624933,""endBalance"":136894000000,""diffSatoshi"":-375067,""diffXbt"":-0.00375067}"
wallet,medium,balance_continuity_day_end,"{""date"":""2021-06-07"",""endRunning"":103161628052,""endBalance"":103162000000,""diffSatoshi"":-371948,""diffXbt"":-0.00371948}"
wallet,medium,balance_continuity_day_end,"{""date"":""2021-06-09"",""endRunning"":133996276954,""endBalance"":133996000000,""diffSatoshi"":276954,""diffXbt"":0.00276954}"
wallet,medium,balance_continuity_day_end,"{""date"":""2021-06-06"",""endRunning"":103014272896,""endBalance"":103014000000,""diffSatoshi"":272896,""diffXbt"":0.00272896}"
wallet,medium,balance_continuity_day_end,"{""date"":""2021-06-17"",""endRunning"":137883915939,""endBalance"":137884000000,""diffSatoshi"":-84061,""diffXbt"":-0.00084061}"
wallet,medium,balance_continuity_day_end,"{""date"":""2021-06-10"",""endRunning"":124832075788,""endBalance"":124832000000,""diffSatoshi"":75788,""diffXbt"":0.00075788}"
wallet,medium,balance_continuity_day_end,"{""date"":""2021-06-22"",""endRunning"":126200953739,""endBalance"":126201000000,""diffSatoshi"":-46261,""diffXbt"":-0.00046261}"
wallet,medium,balance_continuity_day_end,"{""date"":""2021-06-19"",""endRunning"":153113029223,""endBalance"":153113000000,""diffSatoshi"":29223,""diffXbt"":0.00029223}"
wallet,medium,balance_continuity_day_end,"{""date"":""2021-06-13"",""endRunning"":127541015379,""endBalance"":127541000000,""diffSatoshi"":15379,""diffXbt"":0.00015379}"
wallet,medium,balance_continuity_day_end,"{""date"":""2021-06-18"",""endRunning"":152577989397,""endBalance"":152578000000,""diffSatoshi"":-10603,""diffXbt"":-0.00010603}"
wallet,medium,balance_continuity_day_end,"{""date"":""2021-06-12"",""endRunning"":127151002200,""endBalance"":127151000000,""diffSatoshi"":2200,""diffXbt"":0.000022}"
wallet,low,date_inversion,"{""file"":""aoa-wallet-2018-03-01-2021-12-31.csv"",""prevDate"":""2018-04-28"",""date"":""2018-04-27"",""type"":""Withdrawal""}"
wallet,low,date_inversion,"{""file"":""aoa-wallet-2018-03-01-2021-12-31.csv"",""prevDate"":""2019-12-31"",""date"":""2019-01-01"",""type"":""RealisedPNL""}"
wallet,low,date_inversion,"{""file"":""aoa-wallet-2018-03-01-2021-12-31.csv"",""prevDate"":""2020-11-20"",""date"":""2020-01-01"",""type"":""RealisedPNL""}"
wallet,low,date_inversion,"{""file"":""aoa-wallet-2018-03-01-2021-12-31.csv"",""prevDate"":""2021-11-12"",""date"":""2021-10-27"",""type"":""RealisedPNL""}"
wallet,low,date_inversion,"{""file"":""aoa-wallet-2018-03-01-2021-12-31.csv"",""prevDate"":""2021-11-29"",""date"":""2021-01-01"",""type"":""RealisedPNL""}"
wallet,info,multi_balance_day,"{""date"":""2018-03-05"",""rows"":2,""distinctBalances"":2}"
wallet,info,multi_balance_day,"{""date"":""2018-03-12"",""rows"":2,""distinctBalances"":2}"
wallet,info,multi_balance_day,"{""date"":""2018-03-13"",""rows"":3,""distinctBalances"":3}"
wallet,info,multi_balance_day,"{""date"":""2018-03-14"",""rows"":2,""distinctBalances"":2}"
wallet,info,multi_balance_day,"{""date"":""2018-03-20"",""rows"":2,""distinctBalances"":2}"
wallet,info,multi_balance_day,"{""date"":""2018-03-22"",""rows"":2,""distinctBalances"":2}"
wallet,info,multi_balance_day,"{""date"":""2018-03-29"",""rows"":2,""distinctBalances"":2}"
wallet,info,multi_balance_day,"{""date"":""2018-03-30"",""rows"":4,""distinctBalances"":3}"
wallet,info,multi_balance_day,"{""date"":""2018-03-31"",""rows"":4,""distinctBalances"":2}"
wallet,info,multi_balance_day,"{""date"":""2018-04-03"",""rows"":3,""distinctBalances"":2}"
execution,info,text_flag,"Submission from www.bitmex.com = 1392332"
execution,info,text_flag,"Position Close from www.bitmex.com = 3050"
execution,info,text_flag,"Funding = 5368"
execution,info,text_flag,"Liquidation = 59"
execution,info,text_flag,"Settlement = 8"
execution,info,text_flag,"Triggered: Order stop price reached
Submission from www.bitmex.com = 4870"
execution,info,text_flag,"Amended orderQty: Amend from www.bitmex.com
Submission from www.bitmex.com = 160"
execution,info,text_flag,"Amended price: Amend from www.bitmex.com
Submission from www.bitmex.com = 38736"
