day,balance_xbt,net_external_flow_xbt,daily_return
2018-03-05,0.15334629,0.17244633,
2018-03-06,0.08976265,0.00000000,-0.41464088
2018-03-07,0.07429038,0.00000000,-0.17236869
2018-03-08,0.12164286,0.00000000,0.63739720
2018-03-09,0.15795193,0.00000000,0.29848912
2018-03-10,0.09392087,0.00000000,-0.40538321
2018-03-11,0.05885001,0.00000000,-0.37340859
2018-03-12,0.14987833,0.04950000,0.70566377
2018-03-13,0.34897568,0.41000000,-1.40715906
2018-03-14,0.45321020,0.41817608,-0.89960871
2018-03-15,0.77396953,0.00000000,0.70774958
2018-03-16,1.27172378,0.00000000,0.64311866
2018-03-17,1.50141761,0.00000000,0.18061613
2018-03-19,1.58979132,0.00000000,0.05886018
2018-03-20,3.92392206,1.16503238,0.73537850
2018-03-21,1.48266956,0.00000000,-0.62214602
2018-03-22,0.00000000,-1.96801713,0.32734709
2018-03-29,0.95622646,1.00000000,
2018-03-30,2.21035794,0.56248181,0.72331158
2018-03-31,2.36217277,-0.20120000,0.15970935
2018-04-01,1.72513107,0.00000000,-0.26968463
2018-04-02,1.21184156,0.00000000,-0.29753653
2018-04-03,0.84913422,0.29950000,-0.54644713
2018-04-04,0.88612166,0.00000000,0.04355900
2018-04-05,1.01019290,0.00000000,0.14001603
2018-04-06,1.29393303,0.00000000,0.28087718
2018-04-07,1.25418399,0.00000000,-0.03071955
2018-04-08,1.25472504,0.00000000,0.00043140
2018-04-09,1.53427685,0.00000000,0.22279926
2018-04-10,1.68324675,0.00000000,0.09709454
2018-04-12,1.68957428,0.00000000,0.00375912
2018-04-13,1.73787525,0.00000000,0.02858766
2018-04-14,2.30118152,0.00000000,0.32413504
2018-04-15,1.55516422,0.00000000,-0.32418881
2018-04-16,2.44633230,0.43400664,0.29396345
2018-04-17,3.47227419,0.00000000,0.41937961
2018-04-18,3.33818361,-1.00120000,0.24972378
2018-04-19,2.13248253,0.00000000,-0.36118477
2018-04-20,2.50729755,0.00000000,0.17576464
2018-04-21,2.88681437,0.00000000,0.15136489
2018-04-22,2.95719899,0.00000000,0.02438142
2018-04-23,3.12122655,0.00000000,0.05546720
2018-04-24,3.02608379,-1.00120000,0.29028884
2018-04-25,2.54538234,-0.50160000,0.00690614
2018-04-26,4.24743181,0.00000000,0.66868126
2018-04-27,3.80937178,-1.00120000,0.13258364
2018-04-28,4.81057178,0.00000000,0.26282549
2018-04-29,4.13219623,0.00000000,-0.14101765
2018-04-30,4.13716248,0.00000000,0.00120184
2018-05-02,4.17605403,0.00000000,0.00940054
2018-05-04,4.12162686,0.00000000,-0.01303316
2018-05-06,4.14747755,0.00000000,0.00627196
2018-05-07,4.63516754,0.00000000,0.11758713
2018-05-09,5.07025044,0.00000000,0.09386563
2018-05-11,5.52020374,0.00000000,0.08874380
2018-05-12,5.65967584,-2.00120000,0.38778860
2018-05-13,5.75401610,0.00000000,0.01666885
2018-05-14,5.84502803,0.00000000,0.01581711
2018-05-15,5.88954663,0.00000000,0.00761649
2018-05-16,6.76936678,0.00000000,0.14938674
2018-05-17,6.90251118,0.00000000,0.01966866
2018-05-19,6.97356153,0.00000000,0.01029341
2018-05-20,7.07474104,0.00000000,0.01450902
2018-05-21,7.05712556,0.00000000,-0.00248991
2018-05-22,7.14288913,0.00000000,0.01215276
2018-05-23,6.46306086,0.00000000,-0.09517553
2018-05-24,5.15040491,3.45955101,-0.73838187
2018-05-25,5.60085093,0.00000000,0.08745837
2018-05-26,6.99233191,0.00000000,0.24844100
2018-05-27,6.80332480,0.00000000,-0.02703063
2018-05-28,6.68543518,0.00000000,-0.01732824
2018-05-29,6.74625791,0.00000000,0.00909780
2018-05-30,7.26568987,0.00000000,0.07699557
2018-05-31,7.69388037,0.00000000,0.05893322
2018-06-01,8.15861377,0.00000000,0.06040299
2018-06-02,8.15861380,0.00000000,0.00000000
2018-06-03,8.15285373,0.00000000,-0.00070601
2018-06-04,8.50781463,0.00000000,0.04353824
2018-06-05,8.98195975,0.00000000,0.05573054
2018-06-06,9.06061713,0.00000000,0.00875726
2018-06-07,9.26198552,0.00000000,0.02222458
2018-06-08,9.26198559,0.00000000,0.00000001
2018-06-09,9.26198566,0.00000000,0.00000001
2018-06-10,9.50919908,0.00000000,0.02669119
2018-06-11,10.00764048,0.00000000,0.05241676
2018-06-12,9.98496729,0.00000000,-0.00226559
2018-06-13,10.25375646,0.00000000,0.02691938
2018-06-14,10.56608890,0.00000000,0.03046029
2018-06-15,11.20078326,0.00000000,0.06006900
2018-06-16,12.05427243,0.00000000,0.07619906
2018-06-17,12.58067213,0.00000000,0.04366914
2018-06-18,12.65406892,0.00000000,0.00583409
2018-06-19,12.87434795,0.00000000,0.01740776
2018-06-20,13.15683884,0.00000000,0.02194215
2018-06-21,13.55765799,0.00000000,0.03046470
2018-06-22,13.85729948,0.00000000,0.02210127
2018-06-23,15.01554987,0.00000000,0.08358413
2018-06-24,12.87674733,0.00000000,-0.14243918
2018-06-25,13.78081495,0.00000000,0.07020932
2018-06-26,14.45797255,0.00000000,0.04913770
2018-06-27,14.58084449,0.00000000,0.00849856
2018-06-28,15.86968864,0.00000000,0.08839297
2018-06-29,12.08115851,0.00000000,-0.23872744
2018-06-30,13.45122383,0.00000000,0.11340513
2018-07-01,13.63616494,0.00000000,0.01374902
2018-07-02,13.80621536,0.00000000,0.01247055
2018-07-03,15.74083389,0.00000000,0.14012664
2018-07-04,16.85893833,0.00000000,0.07103210
2018-07-05,16.96004749,0.00000000,0.00599736
2018-07-06,16.96603774,0.00000000,0.00035320
2018-07-07,16.96898762,0.00000000,0.00017387
2018-07-08,17.44991970,0.00000000,0.02834183
2018-07-09,17.48806895,0.00000000,0.00218621
2018-07-10,16.71096440,0.00000000,-0.04443627
2018-07-11,16.52470291,0.00000000,-0.01114606
2018-07-12,16.38870132,0.00000000,-0.00823020
2018-07-13,17.12195452,0.00000000,0.04474139
2018-07-14,18.04690299,0.00000000,0.05402120
2018-07-15,18.07625077,0.00000000,0.00162619
2018-07-16,18.16485937,0.00000000,0.00490193
2018-07-17,19.01617234,0.00000000,0.04686593
2018-07-18,14.23157038,0.00000000,-0.25160699
2018-07-19,18.35808098,0.00000000,0.28995469
2018-07-20,20.13207772,0.00000000,0.09663302
2018-07-21,17.67104259,0.00000000,-0.12224447
2018-07-22,17.94445008,0.00000000,0.01547206
2018-07-23,18.60418035,0.00000000,0.03676514
2018-07-24,21.35877580,0.00000000,0.14806325
2018-07-25,23.60341957,0.00000000,0.10509234
2018-07-26,24.41781096,0.00000000,0.03450311
2018-07-27,26.71003782,0.00000000,0.09387520
2018-07-28,22.88308672,-4.00120000,0.00652372
2018-07-29,23.34131796,0.00000000,0.02002489
2018-07-30,23.89817834,0.00000000,0.02385728
2018-07-31,24.77810229,0.00000000,0.03681971
2018-08-01,18.08249677,0.00000000,-0.27022269
2018-08-02,20.30079990,0.00000000,0.12267682
2018-08-03,19.69312390,0.00000000,-0.02993360
2018-08-04,19.89011231,0.00000000,0.01000290
2018-08-05,16.46203342,0.00000000,-0.17235091
2018-08-06,16.95097252,0.00000000,0.02970101
2018-08-07,19.60633297,0.00000000,0.15664945
2018-08-08,19.38026978,0.00000000,-0.01153011
2018-08-09,21.31659798,0.00000000,0.09991234
2018-08-10,24.99486659,-2.50120000,0.28989000
2018-08-11,25.21699852,0.00000000,0.00888710
2018-08-12,27.81197288,0.00000000,0.10290576
2018-08-13,26.72832838,-0.50040000,-0.02097099
2018-08-14,24.87906883,0.00000000,-0.06918725
2018-08-15,27.66690989,0.00000000,0.11205568
2018-08-16,27.59527014,0.00000000,-0.00258937
2018-08-17,29.54010423,0.00000000,0.07047708
2018-08-18,29.39561726,0.00000000,-0.00489121
2018-08-19,30.32705039,0.00000000,0.03168612
2018-08-20,30.17025470,0.00000000,-0.00517016
2018-08-21,30.28008683,0.00000000,0.00364041
2018-08-22,30.41087625,0.00000000,0.00431932
2018-08-23,31.24857572,0.00000000,0.02754605
2018-08-24,31.59805187,0.00000000,0.01118375
2018-08-25,29.91250459,0.00000000,-0.05334339
2018-08-26,30.59728016,0.00000000,0.02289262
2018-08-27,30.27182278,0.00000000,-0.01063681
2018-08-28,27.78577830,0.00000000,-0.08212404
2018-08-29,28.91048584,0.00000000,0.04047781
2018-08-30,28.10458644,0.00000000,-0.02787568
2018-08-31,29.70234828,0.00000000,0.05685057
2018-09-01,29.66486338,0.00000000,-0.00126202
2018-09-02,30.16964426,0.00000000,0.01701612
2018-09-03,31.32549341,0.00000000,0.03831166
2018-09-04,31.32798775,0.00000000,0.00007963
2018-09-05,30.21580918,-7.01200000,0.18832430
2018-09-06,18.27852126,0.00000000,-0.39506762
2018-09-07,18.95564989,0.00000000,0.03704504
2018-09-08,18.95564971,0.00000000,-0.00000001
2018-09-09,20.07567653,0.00000000,0.05908670
2018-09-10,23.03998741,0.00000000,0.14765684
2018-09-11,23.64561020,0.00000000,0.02628573
2018-09-12,24.26289544,0.00000000,0.02610570
2018-09-13,23.99113845,0.00000000,-0.01120052
2018-09-14,18.63020126,0.00000000,-0.22345489
2018-09-15,20.35788737,0.00000000,0.09273577
2018-09-16,18.90359192,0.00000000,-0.07143646
2018-09-17,19.56710630,0.00000000,0.03509991
2018-09-18,16.09498827,0.00000000,-0.17744668
2018-09-19,13.00428420,0.00000000,-0.19202897
2018-09-20,16.55199590,0.00000000,0.27281099
2018-09-21,18.67140500,0.99950000,0.06766006
2018-09-22,2.92578371,0.00000000,-0.84330136
2018-09-23,3.56940573,0.64362202,0.00000000
2018-09-24,3.60393428,0.00000000,0.00967347
2018-09-25,5.11557699,0.00000000,0.41944236
2018-09-26,5.11129599,0.00000000,-0.00083686
2018-09-27,6.40325817,0.00000000,0.25276607
2018-09-28,7.05656784,0.00000000,0.10202769
2018-09-29,5.49625709,0.00000000,-0.22111468
2018-09-30,5.49625703,0.00000000,-0.00000001
2018-10-01,5.49625694,0.00000000,-0.00000002
2018-10-02,5.50514359,0.00000000,0.00161685
2018-10-03,8.93718677,3.99950000,-0.10307757
2018-10-04,8.93718714,0.00000000,0.00000004
2018-10-05,8.93718727,0.00000000,0.00000001
2018-10-06,9.20360383,0.00000000,0.02980989
2018-10-07,9.75350375,0.00000000,0.05974833
2018-10-08,10.37410801,0.26922385,0.03602607
2018-10-09,10.23952075,0.00000000,-0.01297338
2018-10-10,10.64200699,0.00000000,0.03930714
2018-10-11,11.50296409,0.06879957,0.07443685
2018-10-12,12.66646814,0.00000000,0.10114819
2018-10-13,12.87852422,0.00000000,0.01674153
2018-10-14,12.87852400,0.00000000,-0.00000002
2018-10-15,17.93696201,0.19333507,0.37776867
2018-10-16,17.64963509,0.00000000,-0.01601871
2018-10-17,17.83142182,0.00000000,0.01029974
2018-10-18,17.83142218,0.00000000,0.00000002
2018-10-19,18.08079802,0.00000000,0.01398519
2018-10-20,18.08079814,0.00000000,0.00000001
2018-10-21,18.08079843,0.00000000,0.00000002
2018-10-22,18.08079849,0.00000000,0.00000000
2018-10-23,18.08079879,0.00000000,0.00000002
2018-10-24,18.08079892,0.00000000,0.00000001
2018-10-25,18.08079904,0.00000000,0.00000001
2018-10-26,18.08079937,0.00000000,0.00000002
2018-10-27,18.08079960,0.00000000,0.00000001
2018-10-28,18.08079971,0.00000000,0.00000001
2018-10-29,18.08079993,0.00000000,0.00000001
2018-10-30,18.22330238,0.00000000,0.00788142
2018-10-31,18.22330276,0.00000000,0.00000002
2018-11-01,18.22330295,0.00000000,0.00000001
2018-11-02,18.22330309,0.00000000,0.00000001
2018-11-03,18.22330320,0.00000000,0.00000001
2018-11-04,18.84274195,0.00000000,0.03399157
2018-11-05,20.83719987,0.14338238,0.09823812
2018-11-06,19.72472149,0.00000000,-0.05338905
2018-11-07,21.38333978,0.00000000,0.08408830
2018-11-08,21.22072489,0.00000000,-0.00760475
2018-11-09,23.59138631,0.00000000,0.11171444
2018-11-10,18.53081867,0.00000000,-0.21450913
2018-11-11,19.06635523,0.00000000,0.02889978
2018-11-12,17.36230931,0.00000000,-0.08937450
2018-11-13,16.74639979,0.00000000,-0.03547394
2018-11-14,17.90771552,0.00000000,0.06934719
2018-11-15,27.45219716,0.00000000,0.53298153
2018-11-16,31.17334289,0.00000000,0.13555001
2018-11-17,31.20777450,0.00000000,0.00110452
2018-11-18,30.75436745,0.00000000,-0.01452866
2018-11-19,29.35283224,0.00000000,-0.04557191
2018-11-20,30.10895464,0.00000000,0.02575978
2018-11-21,38.20828535,0.00000000,0.26900073
2018-11-22,39.81361845,0.00000000,0.04201531
2018-11-23,50.65523804,0.00000000,0.27230933
2018-11-24,51.34041160,0.00000000,0.01352621
2018-11-25,69.76405751,-1.00120000,0.37835392
2018-11-26,69.80729503,0.00000000,0.00061977
2018-11-27,84.62808554,0.00000000,0.21231005
2018-11-28,75.71195880,-10.01200000,0.01294929
2018-11-29,68.89699932,-10.01200000,0.04222636
2018-11-30,79.97852072,0.00000000,0.16084186
2018-12-01,80.86558962,0.00000000,0.01109134
2018-12-02,77.20222003,0.00000000,-0.04530196
2018-12-03,81.87330788,0.00000000,0.06050458
2018-12-04,89.15652257,0.00000000,0.08895713
2018-12-05,91.06452728,0.00000000,0.02140062
2018-12-06,97.43689374,0.00000000,0.06997639
2018-12-07,98.10936439,-10.01200000,0.10965529
2018-12-08,109.58435271,0.00000000,0.11696119
2018-12-09,108.89098160,0.00000000,-0.00632728
2018-12-10,112.63682827,0.00000000,0.03439997
2018-12-11,108.94560297,0.00000000,-0.03277103
2018-12-12,107.14565905,0.00000000,-0.01652149
2018-12-13,103.17887306,0.00000000,-0.03702237
2018-12-14,109.59705651,0.00000000,0.06220443
2018-12-15,116.66814999,0.00000000,0.06451901
2018-12-16,119.97044202,0.00000000,0.02830500
2018-12-17,123.92710200,0.00000000,0.03298029
2018-12-18,93.86719642,0.00000000,-0.24256119
2018-12-19,106.41294021,0.00000000,0.13365419
2018-12-20,109.10795584,0.00000000,0.02532601
2018-12-21,115.53025316,0.00000000,0.05886186
2018-12-22,121.41378210,0.00000000,0.05092631
2018-12-23,109.40339517,-10.01200000,-0.01645931
2018-12-24,112.65663468,0.00000000,0.02973618
2018-12-25,125.64597464,0.00000000,0.11530027
2018-12-26,129.72905287,0.00000000,0.03249669
2018-12-27,133.07155713,0.00000000,0.02576527
2018-12-28,138.58895589,0.00000000,0.04146189
2018-12-29,118.72828942,-20.01200000,0.00109196
2018-12-30,118.14429312,0.00000000,-0.00491876
2018-12-31,119.96216233,0.00000000,0.01538686
2019-01-01,123.42941014,0.00000000,0.02890285
2019-01-02,123.93668984,0.00000000,0.00410988
2019-01-03,124.32964734,0.00000000,0.00317063
2019-01-04,124.32956700,0.00000000,-0.00000065
2019-01-05,124.61419805,0.00000000,0.00228933
2019-01-06,124.61415973,0.00000000,-0.00000031
2019-01-07,125.29883417,0.00000000,0.00549436
2019-01-08,126.26249228,0.00000000,0.00769088
2019-01-09,119.07750085,0.00000000,-0.05690519
2019-01-10,116.77498228,0.00000000,-0.01933630
2019-01-11,112.01438751,-10.01200000,0.04497029
2019-01-12,134.09610245,0.00000000,0.19713285
2019-01-13,134.03275359,0.00000000,-0.00047241
2019-01-14,140.17074663,0.00000000,0.04579472
2019-01-15,137.19527361,-10.01200000,0.05019968
2019-01-16,142.54350635,0.00000000,0.03898263
2019-01-17,144.43962762,0.00000000,0.01330205
2019-01-18,144.32527352,0.00000000,-0.00079171
2019-01-19,144.27061842,0.00000000,-0.00037869
2019-01-20,144.34087005,0.00000000,0.00048694
2019-01-21,151.14740810,0.00000000,0.04715600
2019-01-22,154.07727807,0.00000000,0.01938419
2019-01-23,154.10845416,0.00000000,0.00020234
2019-01-24,154.31139520,0.00000000,0.00131687
2019-01-25,154.31134143,0.00000000,-0.00000035
2019-01-26,154.31118358,0.00000000,-0.00000102
2019-01-27,156.12598352,0.00000000,0.01176065
2019-01-28,160.72761862,0.00000000,0.02947386
2019-01-29,165.21476175,0.00000000,0.02791769
2019-01-30,167.74964971,0.00000000,0.01534299
2019-01-31,167.50379209,0.00000000,-0.00146562
2019-02-01,168.22235098,0.00000000,0.00428981
2019-02-02,170.72728350,0.00000000,0.01489060
2019-02-03,170.38283734,0.00000000,-0.00201752
2019-02-04,170.38284581,0.00000000,0.00000005
2019-02-05,170.38285445,0.00000000,0.00000005
2019-02-06,170.38286435,0.00000000,0.00000006
2019-02-07,170.38285953,0.00000000,-0.00000003
2019-02-08,171.40326875,0.00000000,0.00598892
2019-02-09,152.70645501,-20.01200000,0.00767305
2019-02-10,151.77066243,0.00000000,-0.00612805
2019-02-11,153.06227771,0.00000000,0.00851031
2019-02-12,153.10862467,0.00000000,0.00030280
2019-02-13,155.04604450,0.00000000,0.01265389
2019-02-14,155.04604810,0.00000000,0.00000002
2019-02-15,155.00623758,0.00000000,-0.00025677
2019-02-16,155.09014019,0.00000000,0.00054129
2019-02-17,149.62627348,0.00000000,-0.03523026
2019-02-18,151.64693650,0.00000000,0.01350473
2019-02-19,149.03218385,0.00000000,-0.01724237
2019-02-20,150.51430242,0.00000000,0.00994496
2019-02-21,151.95546026,0.00000000,0.00957489
2019-02-22,152.89121903,0.00000000,0.00615811
2019-02-23,153.58096760,0.00000000,0.00451137
2019-02-24,153.61376722,0.00000000,0.00021357
2019-02-25,165.31287111,0.00000000,0.07615921
2019-02-26,166.12833400,0.00000000,0.00493285
2019-02-27,166.82874158,0.00000000,0.00421606
2019-02-28,166.88316776,0.00000000,0.00032624
2019-03-01,169.30316993,0.00000000,0.01450118
2019-03-02,170.95903965,0.00000000,0.00978050
2019-03-03,170.95891084,0.00000000,-0.00000075
2019-03-04,171.05173256,0.00000000,0.00054295
2019-03-05,170.55816016,0.00000000,-0.00288552
2019-03-06,178.91088683,0.00000000,0.04897289
2019-03-07,181.22433617,0.00000000,0.01293074
2019-03-08,173.71774102,-8.00120000,0.00272924
2019-03-09,173.55136109,0.00000000,-0.00095776
2019-03-10,173.37577812,0.00000000,-0.00101171
2019-03-11,173.04409869,0.00000000,-0.00191307
2019-03-12,181.38740331,0.00000000,0.04821490
2019-03-13,181.38797851,0.00000000,0.00000317
2019-03-14,181.38802474,0.00000000,0.00000025
2019-03-15,179.51904361,0.00000000,-0.01030377
2019-03-16,180.70962418,0.00000000,0.00663206
2019-03-17,181.64173011,0.00000000,0.00515803
2019-03-18,181.10276530,0.00000000,-0.00296719
2019-03-19,181.60625218,0.00000000,0.00278012
2019-03-20,181.60625091,0.00000000,-0.00000001
2019-03-21,181.60621133,0.00000000,-0.00000022
2019-03-22,181.41766184,0.00000000,-0.00103823
2019-03-23,181.25262482,0.00000000,-0.00090971
2019-03-24,182.30808749,0.00000000,0.00582316
2019-03-25,182.18448709,0.00000000,-0.00067798
2019-03-26,185.36842686,0.00000000,0.01747646
2019-03-27,185.45535984,0.00000000,0.00046897
2019-03-28,186.77091237,0.00000000,0.00709363
2019-03-29,189.80739843,0.00000000,0.01625781
2019-03-30,192.22405038,0.00000000,0.01273213
2019-03-31,192.14566503,0.00000000,-0.00040778
2019-04-01,191.65850687,0.00000000,-0.00253536
2019-04-02,116.89066459,0.00000000,-0.39010970
2019-04-03,135.76821248,0.00000000,0.16149748
2019-04-04,148.00062687,0.00000000,0.09009778
2019-04-05,150.70724800,0.00000000,0.01828790
2019-04-06,155.05938929,0.00000000,0.02887812
2019-04-07,166.66934344,0.00000000,0.07487424
2019-04-08,165.31556439,0.00000000,-0.00812254
2019-04-09,168.72463486,0.00000000,0.02062159
2019-04-10,150.31438419,-20.01200000,0.00949327
2019-04-11,153.77607234,0.00000000,0.02302965
2019-04-12,160.03565020,0.00000000,0.04070580
2019-04-13,162.24655738,0.00000000,0.01381509
2019-04-14,164.08514647,0.00000000,0.01133207
2019-04-15,160.53346557,0.00000000,-0.02164535
2019-04-16,161.48692575,0.00000000,0.00593932
2019-04-17,163.71011884,0.00000000,0.01376702
2019-04-18,156.50733554,-10.01200000,0.01715970
2019-04-19,156.61870727,0.00000000,0.00071161
2019-04-20,156.09328492,0.00000000,-0.00335479
2019-04-21,159.74332054,0.00000000,0.02338368
2019-04-22,164.09151153,0.00000000,0.02721986
2019-04-23,158.65560020,-20.01200000,0.08882902
2019-04-24,168.82367241,0.00000000,0.06408896
2019-04-25,175.14481726,0.00000000,0.03744229
2019-04-26,169.92596882,0.00000000,-0.02979733
2019-04-27,173.45061322,0.00000000,0.02074224
2019-04-28,173.49761664,0.00000000,0.00027099
2019-04-29,172.78648074,0.00000000,-0.00409882
2019-04-30,173.96634557,0.00000000,0.00682846
2019-05-01,165.91227689,0.00000000,-0.04629671
2019-05-02,165.36847855,0.00000000,-0.00327763
2019-05-03,158.02919744,0.00000000,-0.04438138
2019-05-04,158.55454729,0.00000000,0.00332438
2019-05-05,170.64133403,0.00000000,0.07623109
2019-05-06,171.05599568,-20.01200000,0.11970524
2019-05-07,164.75221942,0.00000000,-0.03685212
2019-05-08,177.40020589,0.00000000,0.07676975
2019-05-09,172.25976373,0.00000000,-0.02897653
2019-05-10,170.31216724,0.00000000,-0.01130616
2019-05-11,181.01061087,0.00000000,0.06281667
2019-05-12,158.30005526,-20.01200000,-0.01490827
2019-05-13,172.90357094,0.00000000,0.09225212
2019-05-14,147.96583314,0.00000000,-0.14422917
2019-05-15,166.17612016,0.00000000,0.12307089
2019-05-16,170.80800128,0.00000000,0.02787333
2019-05-17,174.73969906,0.00000000,0.02301823
2019-05-18,176.00493758,0.00000000,0.00724070
2019-05-19,182.53555372,0.00000000,0.03710473
2019-05-20,185.00086693,0.00000000,0.01350593
2019-05-21,190.80038474,0.00000000,0.03134860
2019-05-22,191.28698942,0.00000000,0.00255033
2019-05-23,198.47419573,0.00000000,0.03757290
2019-05-24,195.36096034,0.00000000,-0.01568584
2019-05-25,194.99724877,0.00000000,-0.00186174
2019-05-26,194.99708416,0.00000000,-0.00000084
2019-05-27,176.30856076,-20.01200000,0.00678716
2019-05-28,176.30868165,0.00000000,0.00000069
2019-05-29,176.44080827,0.00000000,0.00074941
2019-05-30,171.86521605,0.00000000,-0.02593273
2019-05-31,174.04429502,0.00000000,0.01267900
2019-06-01,171.50576246,0.00000000,-0.01458555
2019-06-02,163.42090701,0.00000000,-0.04714043
2019-06-03,163.30155227,0.00000000,-0.00073035
2019-06-04,176.31297933,0.00000000,0.07967730
2019-06-05,176.32235016,0.00000000,0.00005315
2019-06-06,176.33952874,0.00000000,0.00009743
2019-06-07,176.27770162,0.00000000,-0.00035061
2019-06-08,176.32211003,0.00000000,0.00025192
2019-06-09,176.28823264,0.00000000,-0.00019213
2019-06-10,182.45802197,0.00000000,0.03499830
2019-06-11,182.74926169,0.00000000,0.00159620
2019-06-12,181.13593000,0.00000000,-0.00882812
2019-06-13,181.01664865,0.00000000,-0.00065852
2019-06-14,179.64545181,0.00000000,-0.00757498
2019-06-15,179.64933893,0.00000000,0.00002164
2019-06-16,168.21349955,-20.01200000,0.04773834
2019-06-17,172.30901290,0.00000000,0.02434711
2019-06-18,172.68346770,0.00000000,0.00217316
2019-06-19,175.87906548,0.00000000,0.01850552
2019-06-20,177.21375056,0.00000000,0.00758865
2019-06-21,166.51296185,0.00000000,-0.06038351
2019-06-22,163.00570278,0.00000000,-0.02106298
2019-06-23,163.91948342,0.00000000,0.00560582
2019-06-24,165.83894730,0.00000000,0.01170980
2019-06-25,168.48451137,0.00000000,0.01595261
2019-06-26,158.31765884,-20.01200000,0.05843355
2019-06-27,168.74522525,0.00000000,0.06586483
2019-06-28,160.47558859,0.00000000,-0.04900664
2019-06-29,170.09379918,0.00000000,0.05993566
2019-06-30,170.09382499,0.00000000,0.00000015
2019-07-01,170.47974147,0.00000000,0.00226884
2019-07-02,160.66045737,0.00000000,-0.05759795
2019-07-03,159.76257969,0.00000000,-0.00558867
2019-07-04,159.34595787,0.00000000,-0.00260776
2019-07-05,170.26567556,0.00000000,0.06852836
2019-07-06,170.28597865,0.00000000,0.00011924
2019-07-07,170.35619442,0.00000000,0.00041234
2019-07-08,171.37752131,0.00000000,0.00599524
2019-07-09,169.41636394,0.00000000,-0.01144349
2019-07-10,170.60653191,0.00000000,0.00702511
2019-07-11,164.21952150,0.00000000,-0.03743708
2019-07-12,167.84514359,0.00000000,0.02207790
2019-07-13,167.89664408,0.00000000,0.00030683
2019-07-14,167.90315725,0.00000000,0.00003879
2019-07-15,192.93020129,0.00000000,0.14905642
2019-07-16,181.56543295,0.00000000,-0.05890611
2019-07-17,218.74140721,0.00000000,0.20475249
2019-07-18,201.58828841,-20.01200000,0.01306968
2019-07-19,177.21897391,-20.01500000,-0.02160004
2019-07-20,177.27713232,0.00000000,0.00032817
2019-07-21,177.33369416,0.00000000,0.00031906
2019-07-22,184.64880794,0.00000000,0.04125056
2019-07-23,184.64879817,0.00000000,-0.00000005
2019-07-24,184.69624876,0.00000000,0.00025698
2019-07-25,186.85319586,0.00000000,0.01167835
2019-07-26,195.98514339,0.00000000,0.04887231
2019-07-27,179.35055937,0.00000000,-0.08487676
2019-07-28,179.19310593,0.00000000,-0.00087791
2019-07-29,177.53187230,0.00000000,-0.00927063
2019-07-30,177.53188526,0.00000000,0.00000007
2019-07-31,177.60420693,0.00000000,0.00040737
2019-08-01,167.81711238,0.00000000,-0.05510621
2019-08-02,167.73530953,0.00000000,-0.00048745
2019-08-03,170.54111301,0.00000000,0.01672757
2019-08-04,170.54109657,0.00000000,-0.00000010
2019-08-05,172.25946081,0.00000000,0.01007595
2019-08-06,173.38720493,0.00000000,0.00654678
2019-08-07,181.19035349,0.00000000,0.04500418
2019-08-08,191.12646318,0.00000000,0.05483796
2019-08-09,184.70728015,0.00000000,-0.03358605
2019-08-10,186.65897941,0.00000000,0.01056644
2019-08-11,186.65891357,0.00000000,-0.00000035
2019-08-12,186.65889843,0.00000000,-0.00000008
2019-08-13,186.65888168,0.00000000,-0.00000009
2019-08-14,188.53395766,0.00000000,0.01004547
2019-08-15,192.44716980,0.00000000,0.02075601
2019-08-16,194.77500562,0.00000000,0.01209597
2019-08-17,193.73892635,0.00000000,-0.00531936
2019-08-18,194.81044940,0.00000000,0.00553076
2019-08-19,185.60093613,0.00000000,-0.04727423
2019-08-20,188.50993105,0.00000000,0.01567338
2019-08-21,196.54313491,0.00000000,0.04261422
2019-08-22,197.45567769,0.00000000,0.00464296
2019-08-23,200.78987986,0.00000000,0.01688583
2019-08-24,205.81567115,0.00000000,0.02503010
2019-08-25,205.90949391,0.00000000,0.00045586
2019-08-26,218.33110640,0.00000000,0.06032559
2019-08-27,218.42497394,0.00000000,0.00042993
2019-08-28,213.21197583,0.00000000,-0.02386631
2019-08-29,216.86384417,0.00000000,0.01712788
2019-08-30,216.72906138,0.00000000,-0.00062151
2019-08-31,216.63190996,0.00000000,-0.00044826
2019-09-01,212.22222008,0.00000000,-0.02035568
2019-09-02,212.22223324,0.00000000,0.00000006
2019-09-03,212.22223857,0.00000000,0.00000003
2019-09-04,215.08539002,0.00000000,0.01349129
2019-09-05,216.73173067,0.00000000,0.00765436
2019-09-06,200.60179079,-20.01200000,0.01791182
2019-09-07,209.86852565,0.00000000,0.04619468
2019-09-08,207.98021456,0.00000000,-0.00899759
2019-09-09,200.01975618,0.00000000,-0.03827508
2019-09-10,199.66883489,0.00000000,-0.00175443
2019-09-11,200.20086971,0.00000000,0.00266459
2019-09-12,199.31497251,0.00000000,-0.00442504
2019-09-13,199.31498775,0.00000000,0.00000008
2019-09-14,199.31500881,0.00000000,0.00000011
2019-09-15,199.31503287,0.00000000,0.00000012
2019-09-16,199.31505433,0.00000000,0.00000011
2019-09-17,199.31508145,0.00000000,0.00000014
2019-09-18,199.31510428,0.00000000,0.00000011
2019-09-19,197.63510351,0.00000000,-0.00842887
2019-09-20,197.73583386,0.00000000,0.00050968
2019-09-21,196.98498554,0.00000000,-0.00379723
2019-09-22,196.98496822,0.00000000,-0.00000009
2019-09-23,197.03364838,0.00000000,0.00024713
2019-09-24,199.40972792,0.00000000,0.01205926
2019-09-25,203.14323927,0.00000000,0.01872281
2019-09-26,203.33413167,0.00000000,0.00093969
2019-09-27,227.32156135,0.00000000,0.11797050
2019-09-28,227.34253855,0.00000000,0.00009228
2019-09-29,221.17858486,0.00000000,-0.02711307
2019-09-30,223.57063439,0.00000000,0.01081501
2019-10-01,218.91465588,0.00000000,-0.02082554
2019-10-02,218.91464023,0.00000000,-0.00000007
2019-10-03,218.91464356,0.00000000,0.00000002
2019-10-04,218.91463013,0.00000000,-0.00000006
2019-10-05,218.91461936,0.00000000,-0.00000005
2019-10-06,218.91462883,0.00000000,0.00000004
2019-10-07,226.84393993,0.00000000,0.03622102
2019-10-08,228.96422957,0.00000000,0.00934691
2019-10-09,229.03777806,0.00000000,0.00032122
2019-10-10,218.94133300,0.00000000,-0.04408201
2019-10-11,219.61700105,0.00000000,0.00308607
2019-10-12,219.61698314,0.00000000,-0.00000008
2019-10-13,219.46112173,0.00000000,-0.00070970
2019-10-14,222.26802011,0.00000000,0.01278996
2019-10-15,225.30794554,0.00000000,0.01367685
2019-10-16,221.72844923,0.00000000,-0.01588713
2019-10-17,221.72843057,0.00000000,-0.00000008
2019-10-18,226.44093330,0.00000000,0.02125349
2019-10-19,226.44093054,0.00000000,-0.00000001
2019-10-20,226.44094953,0.00000000,0.00000008
2019-10-21,227.30015774,0.00000000,0.00379440
2019-10-22,227.12853105,0.00000000,-0.00075507
2019-10-23,227.20229360,0.00000000,0.00032476
2019-10-24,253.18274235,0.00000000,0.11434941
2019-10-25,254.78053139,0.00000000,0.00631081
2019-10-26,209.57527144,0.00000000,-0.17742823
2019-10-27,211.98303735,0.00000000,0.01148879
2019-10-28,220.32610037,0.00000000,0.03935722
2019-10-29,223.04683275,0.00000000,0.01234866
2019-10-30,218.07686311,0.00000000,-0.02228218
2019-10-31,214.74861312,0.00000000,-0.01526182
2019-11-01,214.74859683,0.00000000,-0.00000008
2019-11-02,214.74858064,0.00000000,-0.00000008
2019-11-03,214.74477066,0.00000000,-0.00001774
2019-11-04,214.74478715,0.00000000,0.00000008
2019-11-05,214.74480939,0.00000000,0.00000010
2019-11-06,214.74484593,0.00000000,0.00000017
2019-11-07,214.84010809,0.00000000,0.00044361
2019-11-08,219.12222305,0.00000000,0.01993164
2019-11-09,228.46783365,0.00000000,0.04265022
2019-11-10,228.46785114,0.00000000,0.00000008
2019-11-11,228.74585096,0.00000000,0.00121680
2019-11-12,229.34648885,0.00000000,0.00262579
2019-11-13,230.45947305,0.00000000,0.00485285
2019-11-14,229.36870511,0.00000000,-0.00473301
2019-11-15,229.40534935,0.00000000,0.00015976
2019-11-16,231.93938601,0.00000000,0.01104611
2019-11-17,231.93940414,0.00000000,0.00000008
2019-11-18,230.65757434,0.00000000,-0.00552657
2019-11-19,232.85210216,0.00000000,0.00951422
2019-11-20,237.34329373,0.00000000,0.01928774
2019-11-21,238.83874053,0.00000000,0.00630078
2019-11-22,271.21279699,0.00000000,0.13554776
2019-11-23,271.01557686,0.00000000,-0.00072718
2019-11-24,272.92653285,0.00000000,0.00705109
2019-11-25,301.83869016,0.00000000,0.10593385
2019-11-26,300.99730987,0.00000000,-0.00278752
2019-11-27,300.12060748,0.00000000,-0.00291266
2019-11-28,303.73500207,0.00000000,0.01204314
2019-11-29,316.54816234,0.00000000,0.04218533
2019-11-30,308.85668410,0.00000000,-0.02429797
2019-12-01,322.47259551,0.00000000,0.04408489
2019-12-02,324.34020485,0.00000000,0.00579153
2019-12-03,328.89374352,0.00000000,0.01403939
2019-12-04,330.41251371,0.00000000,0.00461781
2019-12-05,331.41073544,0.00000000,0.00302114
2019-12-06,330.82740814,0.00000000,-0.00176013
2019-12-07,326.87651784,0.00000000,-0.01194245
2019-12-08,326.87654046,0.00000000,0.00000007
2019-12-09,326.67327548,0.00000000,-0.00062184
2019-12-10,329.22516959,-0.01100000,0.00784544
2019-12-11,360.58024765,-1.00120000,0.09828009
2019-12-12,361.82131368,0.00000000,0.00344186
2019-12-13,361.99775154,0.00000000,0.00048764
2019-12-14,361.99778346,0.00000000,0.00000009
2019-12-15,361.99772616,0.00000000,-0.00000016
2019-12-16,362.91756483,0.00000000,0.00254101
2019-12-17,359.27999194,0.00000000,-0.01002314
2019-12-18,374.58752374,0.00000000,0.04260613
2019-12-19,371.08255735,0.00000000,-0.00935687
2019-12-20,376.70976248,0.00000000,0.01516429
2019-12-21,377.61426271,0.00000000,0.00240105
2019-12-22,377.93955145,0.00000000,0.00086143
2019-12-23,377.93953204,0.00000000,-0.00000005
2019-12-24,375.76830666,0.00000000,-0.00574490
2019-12-25,381.03513058,0.00000000,0.01401615
2019-12-26,380.42678904,0.00000000,-0.00159655
2019-12-27,380.42682001,0.00000000,0.00000008
2019-12-28,381.54271912,0.00000000,0.00293328
2019-12-29,381.54270869,0.00000000,-0.00000003
2019-12-30,381.25226241,0.00000000,-0.00076124
2019-12-31,377.15064658,0.00000000,-0.01075827
2020-01-01,378.13876770,0.00000000,0.00261996
2020-01-02,377.93408367,0.00000000,-0.00054129
2020-01-03,388.83597035,0.00000000,0.02884600
2020-01-04,397.28864733,0.00000000,0.02173841
2020-01-05,405.87738799,0.00000000,0.02161839
2020-01-06,409.01105430,0.00000000,0.00772072
2020-01-07,396.11655230,0.00000000,-0.03152605
2020-01-08,379.65833472,-20.01200000,0.00897156
2020-01-09,413.36705148,0.00000000,0.08878698
2020-01-10,416.65284337,0.00000000,0.00794885
2020-01-11,400.68510382,-30.01200000,0.03370734
2020-01-12,400.05463901,0.00000000,-0.00157347
2020-01-13,400.05462588,0.00000000,-0.00000003
2020-01-14,400.05687724,0.00000000,0.00000563
2020-01-15,401.25678574,0.00000000,0.00299934
2020-01-16,402.07134786,0.00000000,0.00203003
2020-01-17,355.84393312,-50.01200000,0.00941272
2020-01-18,359.38803621,0.00000000,0.00995971
2020-01-19,380.45154380,0.00000000,0.05860937
2020-01-20,384.60613004,0.00000000,0.01092015
2020-01-21,401.44268331,0.00000000,0.04377609
2020-01-22,402.01532366,0.00000000,0.00142646
2020-01-23,426.63565921,0.00000000,0.06124228
2020-01-24,425.64699842,0.00000000,-0.00231734
2020-01-25,422.16185839,0.00000000,-0.00818786
2020-01-26,422.16186822,0.00000000,0.00000002
2020-01-27,422.28331803,0.00000000,0.00028769
2020-01-28,411.76133255,0.00000000,-0.02491689
2020-01-29,430.80058368,0.00000000,0.04623856
2020-01-30,430.71742077,0.00000000,-0.00019304
2020-01-31,429.90594783,0.00000000,-0.00188400
2020-02-01,433.35510420,0.00000000,0.00802305
2020-02-02,435.04473578,0.00000000,0.00389895
2020-02-03,436.36978976,0.00000000,0.00304579
2020-02-04,439.97461038,0.00000000,0.00826093
2020-02-05,446.57658595,0.00000000,0.01500536
2020-02-06,445.11930639,0.00000000,-0.00326322
2020-02-07,445.42161293,0.00000000,0.00067916
2020-02-08,445.69414971,0.00000000,0.00061186
2020-02-09,433.98549152,0.00000000,-0.02627061
2020-02-10,442.64905477,0.00000000,0.01996279
2020-02-11,444.33360104,0.00000000,0.00380560
2020-02-12,453.34692672,0.00000000,0.02028504
2020-02-13,455.00273267,0.00000000,0.00365240
2020-02-14,453.09536189,0.00000000,-0.00419200
2020-02-15,402.20969135,-50.01200000,-0.00192823
2020-02-16,413.28449719,0.00000000,0.02753491
2020-02-17,413.54930537,0.00000000,0.00064074
2020-02-18,396.31602799,0.00000000,-0.04167164
2020-02-19,396.29553312,0.00000000,-0.00005171
2020-02-20,396.31400583,0.00000000,0.00004661
2020-02-21,396.57585714,0.00000000,0.00066072
2020-02-22,396.85440560,0.00000000,0.00070238
2020-02-23,397.13230605,0.00000000,0.00070026
2020-02-24,391.15608009,0.00000000,-0.01504845
2020-02-25,393.92058867,0.00000000,0.00706753
2020-02-26,394.08243966,0.00000000,0.00041087
2020-02-27,380.55722272,0.00000000,-0.03432078
2020-02-28,385.68601374,0.00000000,0.01347706
2020-02-29,417.59713821,0.00000000,0.08273861
2020-03-01,421.28224689,0.00000000,0.00882455
2020-03-02,423.23150859,0.00000000,0.00462697
2020-03-03,423.54306841,0.00000000,0.00073615
2020-03-04,423.56930176,0.00000000,0.00006194
2020-03-05,392.16194557,0.00000000,-0.07414927
2020-03-06,392.45946381,0.00000000,0.00075866
2020-03-07,391.26322037,0.00000000,-0.00304807
2020-03-08,391.36412476,0.00000000,0.00025789
2020-03-09,415.22447632,0.00000000,0.06096714
2020-03-10,418.15862102,0.00000000,0.00706641
2020-03-11,429.54589783,0.00000000,0.02723196
2020-03-12,407.06120367,0.00000000,-0.05234527
2020-03-13,632.58715842,-50.01200000,0.67689564
2020-03-14,601.28002197,0.00000000,-0.04949063
2020-03-15,592.06079846,0.00000000,-0.01533266
2020-03-16,571.25485186,0.00000000,-0.03514157
2020-03-17,593.01821611,0.00000000,0.03809747
2020-03-18,601.53405762,0.00000000,0.01436017
2020-03-19,575.59320299,0.00000000,-0.04312450
2020-03-20,496.74142169,0.00000000,-0.13699220
2020-03-21,498.71632466,0.00000000,0.00397572
2020-03-22,524.26507874,0.00000000,0.05122903
2020-03-23,570.94656318,0.00000000,0.08904176
2020-03-24,526.43570723,-50.01200000,0.00963513
2020-03-25,527.79220360,0.00000000,0.00257676
2020-03-26,527.16269586,0.00000000,-0.00119272
2020-03-27,516.89787490,0.00000000,-0.01947183
2020-03-28,550.87400531,0.00000000,0.06573084
2020-03-29,553.52068325,0.00000000,0.00480451
2020-03-30,614.83121419,0.00000000,0.11076466
2020-03-31,616.91385458,0.00000000,0.00338734
2020-04-01,623.26535033,0.00000000,0.01029560
2020-04-02,622.57935603,0.00000000,-0.00110065
2020-04-03,512.55072659,0.00000000,-0.17673029
2020-04-04,511.64540151,0.00000000,-0.00176631
2020-04-05,511.00405542,0.00000000,-0.00125350
2020-04-06,481.20805790,0.00000000,-0.05830873
2020-04-07,481.35237360,0.00000000,0.00029990
2020-04-08,482.83298967,0.00000000,0.00307595
2020-04-09,479.48657283,0.00000000,-0.00693080
2020-04-10,496.16028253,0.00000000,0.03477409
2020-04-11,511.72079008,0.00000000,0.03136186
2020-04-12,510.98024720,0.00000000,-0.00144716
2020-04-13,533.27886782,0.00000000,0.04363891
2020-04-14,539.11136725,0.00000000,0.01093705
2020-04-15,539.29142780,0.00000000,0.00033400
2020-04-16,526.47556326,0.00000000,-0.02376427
2020-04-17,533.20475702,0.00000000,0.01278159
2020-04-18,533.20474896,0.00000000,-0.00000002
2020-04-19,533.20473862,0.00000000,-0.00000002
2020-04-20,533.20673564,0.00000000,0.00000375
2020-04-21,544.22523156,0.00000000,0.02066459
2020-04-22,549.83792901,0.00000000,0.01031319
2020-04-23,547.15143569,0.00000000,-0.00488597
2020-04-24,547.15144054,0.00000000,0.00000001
2020-04-25,547.15145762,0.00000000,0.00000003
2020-04-26,545.14141028,0.00000000,-0.00367366
2020-04-27,548.06479218,0.00000000,0.00536261
2020-04-28,547.43176309,0.00000000,-0.00115503
2020-04-29,560.66015131,0.00000000,0.02416445
2020-04-30,566.12470225,0.00000000,0.00974664
2020-05-01,589.73883789,0.00000000,0.04171190
2020-05-02,539.75996555,-50.01200000,0.00005617
2020-05-03,549.93139358,0.00000000,0.01884435
2020-05-04,546.83782584,0.00000000,-0.00562537
2020-05-05,556.89436837,0.00000000,0.01839036
2020-05-06,562.88018408,0.00000000,0.01074857
2020-05-07,549.62207122,0.00000000,-0.02355406
2020-05-08,549.60512658,0.00000000,-0.00003083
2020-05-09,549.56010377,0.00000000,-0.00008192
2020-05-10,598.73883769,0.00000000,0.08948745
2020-05-11,548.48664394,-50.01500000,-0.00039616
2020-05-12,522.90140958,0.00000000,-0.04664696
2020-05-13,522.90141060,0.00000000,0.00000000
2020-05-14,496.48405067,0.00000000,-0.05052073
2020-05-15,504.51073101,0.00000000,0.01616705
2020-05-16,504.51074685,0.00000000,0.00000003
2020-05-17,504.51076273,0.00000000,0.00000003
2020-05-18,504.51078851,0.00000000,0.00000005
2020-05-19,494.85380258,0.00000000,-0.01914129
2020-05-20,494.85357987,0.00000000,-0.00000045
2020-05-21,504.01208690,0.00000000,0.01850751
2020-05-22,536.24745952,0.00000000,0.06395754
2020-05-23,536.15080619,0.00000000,-0.00018024
2020-05-24,535.67264035,0.00000000,-0.00089185
2020-05-25,553.28512793,0.00000000,0.03287920
2020-05-26,557.92560221,0.00000000,0.00838713
2020-05-27,554.13469011,0.00000000,-0.00679466
2020-05-28,554.02122181,0.00000000,-0.00020477
2020-05-29,537.94146122,0.00000000,-0.02902373
2020-05-30,537.94146275,0.00000000,0.00000000
2020-05-31,537.94146425,0.00000000,0.00000000
2020-06-01,537.94146575,0.00000000,0.00000000
2020-06-02,537.69541566,0.00000000,-0.00045739
2020-06-03,492.32223785,0.00000000,-0.08438454
2020-06-04,492.32223812,0.00000000,0.00000000
2020-06-05,491.97908395,0.00000000,-0.00069701
2020-06-06,499.76097941,0.00000000,0.01581753
2020-06-07,499.19501403,0.00000000,-0.00113247
2020-06-08,492.93257472,0.00000000,-0.01254508
2020-06-09,493.08694131,0.00000000,0.00031316
2020-06-10,493.22555508,0.00000000,0.00028111
2020-06-11,481.63801644,0.00000000,-0.02349339
2020-06-12,480.03853700,0.00000000,-0.00332092
2020-06-13,480.47980868,0.00000000,0.00091924
2020-06-14,480.58767304,0.00000000,0.00022449
2020-06-15,518.44424724,0.00000000,0.07877142
2020-06-16,524.94330730,0.00000000,0.01253570
2020-06-17,524.94330057,0.00000000,-0.00000001
2020-06-18,524.64456553,0.00000000,-0.00056908
2020-06-19,524.08172395,0.00000000,-0.00107281
2020-06-20,523.88884711,0.00000000,-0.00036803
2020-06-21,523.69585027,0.00000000,-0.00036839
2020-06-22,523.06243501,0.00000000,-0.00120951
2020-06-23,522.91743355,0.00000000,-0.00027722
2020-06-24,541.40158074,0.00000000,0.03534812
2020-06-25,555.17150136,0.00000000,0.02543384
2020-06-26,565.40106177,0.00000000,0.01842595
2020-06-27,573.90182716,0.00000000,0.01503493
2020-06-28,584.24049856,0.00000000,0.01801470
2020-06-29,584.24315502,0.00000000,0.00000455
2020-06-30,584.97286606,0.00000000,0.00124899
2020-07-01,584.63758908,0.00000000,-0.00057315
2020-07-02,573.82523082,0.00000000,-0.01849412
2020-07-03,585.07326585,0.00000000,0.01960185
2020-07-04,585.14839485,0.00000000,0.00012841
2020-07-05,585.35169993,0.00000000,0.00034744
2020-07-06,575.54099190,0.00000000,-0.01676036
2020-07-07,575.49717934,0.00000000,-0.00007612
2020-07-08,575.42796575,0.00000000,-0.00012027
2020-07-09,579.00964912,0.00000000,0.00622438
2020-07-10,566.45615631,0.00000000,-0.02168097
2020-07-11,566.16240091,0.00000000,-0.00051858
2020-07-12,566.05793802,0.00000000,-0.00018451
2020-07-13,565.98807316,0.00000000,-0.00012342
2020-07-14,566.16600412,0.00000000,0.00031437
2020-07-15,566.16601795,0.00000000,0.00000002
2020-07-16,566.16603184,0.00000000,0.00000002
2020-07-17,566.16604588,0.00000000,0.00000002
2020-07-18,566.16605986,0.00000000,0.00000002
2020-07-19,566.16607014,0.00000000,0.00000002
2020-07-20,566.16608410,0.00000000,0.00000002
2020-07-21,566.11907632,0.00000000,-0.00008303
2020-07-22,566.88923180,0.00000000,0.00136041
2020-07-23,566.88921743,0.00000000,-0.00000003
2020-07-24,578.01131000,0.00000000,0.01961952
2020-07-25,582.25519823,0.00000000,0.00734222
2020-07-26,582.25518421,0.00000000,-0.00000002
2020-07-27,582.25513841,0.00000000,-0.00000008
2020-07-28,586.15696264,0.00000000,0.00670123
2020-07-29,594.36723764,0.00000000,0.01400696
2020-07-30,599.45304604,0.00000000,0.00855668
2020-07-31,599.42351831,0.00000000,-0.00004926
2020-08-01,627.63884937,0.00000000,0.04707078
2020-08-02,594.55444741,-72.01200000,0.06202229
2020-08-03,599.19100603,0.00000000,0.00779838
2020-08-04,605.29702600,0.00000000,0.01019044
2020-08-05,613.02973528,0.00000000,0.01277507
2020-08-06,636.83366123,0.00000000,0.03882997
2020-08-07,646.13941552,0.00000000,0.01461254
2020-08-08,661.01792135,0.00000000,0.02302677
2020-08-09,660.53339936,0.00000000,-0.00073299
2020-08-10,660.22781315,0.00000000,-0.00046264
2020-08-11,659.56111618,0.00000000,-0.00100980
2020-08-12,648.52179235,0.00000000,-0.01673738
2020-08-13,659.92683181,0.00000000,0.01758621
2020-08-14,659.92561627,0.00000000,-0.00000184
2020-08-15,659.92566152,0.00000000,0.00000007
2020-08-16,659.92571506,0.00000000,0.00000008
2020-08-17,659.92576590,0.00000000,0.00000008
2020-08-18,655.73618034,0.00000000,-0.00634857
2020-08-19,621.01037156,-50.01200000,0.02331150
2020-08-20,633.69042740,0.00000000,0.02041843
2020-08-21,642.11137178,0.00000000,0.01328874
2020-08-22,641.92634369,0.00000000,-0.00028816
2020-08-23,636.93017966,0.00000000,-0.00778308
2020-08-24,590.91923915,-50.00200000,0.00626609
2020-08-25,597.75157935,0.00000000,0.01156222
2020-08-26,620.26825213,0.00000000,0.03766895
2020-08-27,605.75793888,0.00000000,-0.02339361
2020-08-28,580.51799794,0.00000000,-0.04166671
2020-08-29,580.51820025,0.00000000,0.00000035
2020-08-30,581.28731798,0.00000000,0.00132488
2020-08-31,581.53219231,0.00000000,0.00042126
2020-09-01,580.88060361,0.00000000,-0.00112047
2020-09-02,636.20884616,0.00000000,0.09524891
2020-09-03,673.49296163,0.00000000,0.05860358
2020-09-04,723.95783838,0.00000000,0.07493007
2020-09-05,785.00023954,0.00000000,0.08431762
2020-09-06,812.07918624,0.00000000,0.03449546
2020-09-07,813.43711311,0.00000000,0.00167216
2020-09-08,816.82367517,0.00000000,0.00416327
2020-09-09,776.72176183,0.00000000,-0.04909494
2020-09-10,754.37032336,0.00000000,-0.02877663
2020-09-11,754.37034163,0.00000000,0.00000002
2020-09-12,754.37034962,0.00000000,0.00000001
2020-09-13,753.80946582,0.00000000,-0.00074351
2020-09-14,753.29185585,0.00000000,-0.00068666
2020-09-15,744.33752256,0.00000000,-0.01188694
2020-09-16,744.33525023,0.00000000,-0.00000305
2020-09-17,681.95619920,0.00000000,-0.08380505
2020-09-18,661.67455856,0.00000000,-0.02974039
2020-09-19,661.86723555,0.00000000,0.00029120
2020-09-20,661.76548820,0.00000000,-0.00015373
2020-09-21,661.35793466,0.00000000,-0.00061586
2020-09-22,689.83474480,0.00000000,0.04305809
2020-09-23,686.19161106,0.00000000,-0.00528117
2020-09-24,709.66142585,0.00000000,0.03420300
2020-09-25,677.29382094,0.00000000,-0.04560993
2020-09-26,682.16654805,0.00000000,0.00719441
2020-09-27,682.34654954,0.00000000,0.00026387
2020-09-28,682.52449786,0.00000000,0.00026079
2020-09-29,682.77430753,0.00000000,0.00036601
2020-09-30,682.99206400,0.00000000,0.00031893
2020-10-01,683.05366337,0.00000000,0.00009019
2020-10-02,643.95178233,-50.01200000,0.01597256
2020-10-03,643.95175433,0.00000000,-0.00000004
2020-10-04,643.95172802,0.00000000,-0.00000004
2020-10-05,643.95171861,0.00000000,-0.00000001
2020-10-06,644.05261100,0.00000000,0.00015668
2020-10-07,646.73758929,0.00000000,0.00416888
2020-10-08,653.72032203,0.00000000,0.01079686
2020-10-09,653.69829220,0.00000000,-0.00003370
2020-10-10,653.67570421,0.00000000,-0.00003455
2020-10-11,653.60869688,0.00000000,-0.00010251
2020-10-12,652.41405580,0.00000000,-0.00182776
2020-10-13,652.05248063,0.00000000,-0.00055421
2020-10-14,661.06706288,0.00000000,0.01382493
2020-10-15,653.29030572,0.00000000,-0.01176395
2020-10-16,649.43828769,0.00000000,-0.00589633
2020-10-17,649.42802628,0.00000000,-0.00001580
2020-10-18,649.41243466,0.00000000,-0.00002401
2020-10-19,649.20634273,0.00000000,-0.00031735
2020-10-20,649.46532154,0.00000000,0.00039892
2020-10-21,503.33915844,0.00000000,-0.22499456
2020-10-22,522.90872194,0.00000000,0.03887948
2020-10-23,508.19426036,0.00000000,-0.02813964
2020-10-24,507.96282348,0.00000000,-0.00045541
2020-10-25,507.73465671,0.00000000,-0.00044918
2020-10-26,507.50465987,0.00000000,-0.00045299
2020-10-27,507.13235810,0.00000000,-0.00073359
2020-10-28,538.50720968,0.00000000,0.06186719
2020-10-29,589.43463522,0.00000000,0.09457148
2020-10-30,580.87149877,0.00000000,-0.01452771
2020-10-31,602.47027118,0.00000000,0.03718339
2020-11-01,602.67091916,0.00000000,0.00033304
2020-11-02,609.73505197,0.00000000,0.01172138
2020-11-03,641.73335025,0.00000000,0.05247902
2020-11-04,628.38143746,0.00000000,-0.02080601
2020-11-05,653.95178528,0.00000000,0.04069240
2020-11-06,620.85362503,0.00000000,-0.05061254
2020-11-07,636.09633793,0.00000000,0.02455122
2020-11-08,619.99482027,0.00000000,-0.02531302
2020-11-09,562.67737407,0.00000000,-0.09244827
2020-11-10,552.44652315,0.00000000,-0.01818245
2020-11-11,551.27293088,0.00000000,-0.00212435
2020-11-16,551.27652572,0.00000000,0.00000652
2020-11-17,551.45788572,0.00000000,0.00032898
2020-11-18,526.66382416,0.00000000,-0.04496093
2020-11-19,526.84401635,0.00000000,0.00034214
2020-11-20,518.73807949,0.00000000,-0.01538584
2020-11-21,517.72596038,0.00000000,-0.00195112
2020-11-22,509.82517451,0.00000000,-0.01526056
2020-11-23,507.07970056,0.00000000,-0.00538513
2020-11-24,511.38937988,0.00000000,0.00849902
2020-11-25,529.06840098,0.00000000,0.03457057
2020-11-26,539.94511763,0.00000000,0.02055824
2020-11-27,608.38724332,0.00000000,0.12675756
2020-11-28,609.07751516,0.00000000,0.00113459
2020-11-29,627.32639783,0.00000000,0.02996151
2020-11-30,637.06728568,0.00000000,0.01552762
2020-12-01,575.47520858,0.00000000,-0.09668065
2020-12-02,618.06502068,0.00000000,0.07400807
2020-12-03,618.06499181,0.00000000,-0.00000005
2020-12-04,618.06496326,0.00000000,-0.00000005
2020-12-05,619.38063881,0.00000000,0.00212870
2020-12-06,618.14086102,0.00000000,-0.00200164
2020-12-07,605.16868511,0.00000000,-0.02098579
2020-12-08,605.16664815,0.00000000,-0.00000337
2020-12-09,604.95828747,0.00000000,-0.00034430
2020-12-10,605.21874619,0.00000000,0.00043054
2020-12-11,603.26906682,0.00000000,-0.00322145
2020-12-12,602.81624959,0.00000000,-0.00075061
2020-12-13,659.95389136,0.00000000,0.09478451
2020-12-14,662.77195270,0.00000000,0.00427009
2020-12-15,662.77194535,0.00000000,-0.00000001
2020-12-16,662.77193901,0.00000000,-0.00000001
2020-12-17,604.79146476,0.00000000,-0.08748179
2020-12-18,620.78412379,0.00000000,0.02644326
2020-12-19,622.47368309,0.00000000,0.00272165
2020-12-20,573.16720242,-50.01200000,0.00113341
2020-12-21,556.31837399,0.00000000,-0.02939601
2020-12-22,587.82137329,0.00000000,0.05662764
2020-12-23,592.78008608,0.00000000,0.00843575
2020-12-24,638.02056552,0.00000000,0.07631916
2020-12-25,637.99756829,0.00000000,-0.00003604
2020-12-26,639.08614094,0.00000000,0.00170623
2020-12-27,640.57016781,0.00000000,0.00232211
2020-12-28,510.57147942,0.00000000,-0.20294215
2020-12-29,509.19344799,0.00000000,-0.00269900
2020-12-30,528.03719855,0.00000000,0.03700706
2020-12-31,518.64429207,0.00000000,-0.01778834
2021-01-01,519.17401509,0.00000000,0.00102136
2021-01-02,488.86832947,0.00000000,-0.05837289
2021-01-03,489.67510679,0.00000000,0.00165030
2021-01-04,504.01923663,0.00000000,0.02929316
2021-01-05,544.50179483,0.00000000,0.08031947
2021-01-06,532.66597575,0.00000000,-0.02173697
2021-01-07,540.17180445,0.00000000,0.01409106
2021-01-08,521.91563277,0.00000000,-0.03379697
2021-01-09,523.39448948,0.00000000,0.00283352
2021-01-10,523.63709013,0.00000000,0.00046351
2021-01-11,582.43796064,0.00000000,0.11229317
2021-01-12,607.41247314,0.00000000,0.04287927
2021-01-13,628.32790714,0.00000000,0.03443366
2021-01-14,649.16953359,0.00000000,0.03316998
2021-01-15,660.21132985,0.00000000,0.01700911
2021-01-16,660.88061023,0.00000000,0.00101374
2021-01-17,656.91601025,0.00000000,-0.00599897
2021-01-18,657.80818682,0.00000000,0.00135813
2021-01-19,662.17781370,0.00000000,0.00664271
2021-01-20,667.16616258,0.00000000,0.00753325
2021-01-21,680.06377603,0.00000000,0.01933194
2021-01-22,775.19891487,0.00000000,0.13989150
2021-01-23,727.76985122,0.00000000,-0.06118309
2021-01-24,727.85600522,0.00000000,0.00011838
2021-01-25,728.00131039,0.00000000,0.00019963
2021-01-26,750.52062924,0.00000000,0.03093307
2021-01-27,765.10991440,0.00000000,0.01943889
2021-01-28,804.34731399,0.00000000,0.05128335
2021-01-29,752.47058482,-100.01200000,0.05984389
2021-01-30,734.05431153,0.00000000,-0.02447441
2021-01-31,734.19880155,0.00000000,0.00019684
2021-02-01,755.64522370,0.00000000,0.02921065
2021-02-02,763.84765136,0.00000000,0.01085487
2021-02-03,764.86018273,0.00000000,0.00132557
2021-02-04,726.51562258,0.00000000,-0.05013277
2021-02-05,691.01947018,0.00000000,-0.04885807
2021-02-06,692.84051503,0.00000000,0.00263530
2021-02-07,661.71085542,0.00000000,-0.04493048
2021-02-08,676.11826961,0.00000000,0.02177298
2021-02-09,593.93306086,0.00000000,-0.12155449
2021-02-10,591.69667374,0.00000000,-0.00376539
2021-02-11,598.25864292,0.00000000,0.01109009
2021-02-12,598.25864933,0.00000000,0.00000001
2021-02-13,589.89570385,0.00000000,-0.01397881
2021-02-14,568.92965548,0.00000000,-0.03554196
2021-02-15,568.93187730,0.00000000,0.00000391
2021-02-16,542.81757349,0.00000000,-0.04590058
2021-02-17,541.40777783,0.00000000,-0.00259718
2021-02-18,546.48203392,0.00000000,0.00937234
2021-02-19,546.49639248,0.00000000,0.00002627
2021-02-20,560.66107331,0.00000000,0.02591907
2021-02-21,560.83527079,0.00000000,0.00031070
2021-02-22,575.22454883,0.00000000,0.02565687
2021-02-23,646.04028340,0.00000000,0.12310972
2021-02-24,646.09062314,0.00000000,0.00007792
2021-02-25,657.93113257,0.00000000,0.01832639
2021-02-26,706.27128261,0.00000000,0.07347296
2021-02-27,706.68488382,0.00000000,0.00058561
2021-02-28,704.27188747,0.00000000,-0.00341453
2021-03-01,703.36864710,0.00000000,-0.00128252
2021-03-02,714.34403128,0.00000000,0.01560403
2021-03-03,713.56736129,0.00000000,-0.00108725
2021-03-04,745.45323147,0.00000000,0.04468516
2021-03-05,745.67107639,0.00000000,0.00029223
2021-03-06,751.74007939,0.00000000,0.00813898
2021-03-07,751.92488425,0.00000000,0.00024584
2021-03-08,702.97971668,-50.01200000,0.00141880
2021-03-09,703.54632813,0.00000000,0.00080601
2021-03-10,694.23713597,0.00000000,-0.01323181
2021-03-11,685.38165702,0.00000000,-0.01275570
2021-03-12,686.70905748,0.00000000,0.00193673
2021-03-13,613.05952567,0.00000000,-0.10724998
2021-03-14,613.30400086,0.00000000,0.00039878
2021-03-15,613.92359057,0.00000000,0.00101025
2021-03-16,638.72372227,0.00000000,0.04039612
2021-03-17,638.72824933,0.00000000,0.00000709
2021-03-18,638.76171070,0.00000000,0.00005239
2021-03-19,640.37351824,0.00000000,0.00252333
2021-03-20,635.53844298,0.00000000,-0.00755040
2021-03-21,625.57211226,0.00000000,-0.01568171
2021-03-22,625.68645362,0.00000000,0.00018278
2021-03-23,637.43609110,0.00000000,0.01877879
2021-03-24,637.56270463,0.00000000,0.00019863
2021-03-25,676.88892788,0.00000000,0.06168213
2021-03-26,697.53190015,0.00000000,0.03049684
2021-03-27,697.48254679,0.00000000,-0.00007075
2021-03-28,697.65338465,0.00000000,0.00024493
2021-03-29,698.69776684,0.00000000,0.00149699
2021-03-30,694.29865902,0.00000000,-0.00629615
2021-03-31,696.82817556,0.00000000,0.00364327
2021-04-01,698.86023777,0.00000000,0.00291616
2021-04-02,701.31176348,0.00000000,0.00350789
2021-04-03,704.28293370,0.00000000,0.00423659
2021-04-04,690.33748063,0.00000000,-0.01980092
2021-04-05,590.44951113,-100.01200000,0.00017967
2021-04-06,591.62502657,0.00000000,0.00199088
2021-04-07,594.69183381,0.00000000,0.00518370
2021-04-08,594.00719384,0.00000000,-0.00115125
2021-04-09,594.21247514,0.00000000,0.00034559
2021-04-10,563.76792665,0.00000000,-0.05123512
2021-04-11,563.82684768,0.00000000,0.00010451
2021-04-12,563.85775277,0.00000000,0.00005481
2021-04-13,563.89466204,0.00000000,0.00006546
2021-04-14,563.93869343,0.00000000,0.00007808
2021-04-15,563.96465097,0.00000000,0.00004603
2021-04-16,563.97556976,0.00000000,0.00001936
2021-04-17,564.18626573,0.00000000,0.00037359
2021-04-18,655.30617409,0.00000000,0.16150678
2021-04-19,655.28581882,0.00000000,-0.00003106
2021-04-20,684.30537129,0.00000000,0.04428534
2021-04-21,689.39967893,0.00000000,0.00744449
2021-04-22,692.54159499,0.00000000,0.00455747
2021-04-23,703.40026009,0.00000000,0.01567944
2021-04-24,716.70155558,0.00000000,0.01891000
2021-04-25,720.03248730,0.00000000,0.00464759
2021-04-26,760.46921837,0.00000000,0.05615959
2021-04-27,715.36649585,0.00000000,-0.05930907
2021-04-28,715.51293791,0.00000000,0.00020471
2021-04-29,715.65959460,0.00000000,0.00020497
2021-04-30,712.95707554,0.00000000,-0.00377626
2021-05-01,714.46526802,0.00000000,0.00211540
2021-05-02,716.19467616,0.00000000,0.00242056
2021-05-03,717.56908938,0.00000000,0.00191905
2021-05-04,714.54900417,0.00000000,-0.00420877
2021-05-05,745.68350077,0.00000000,0.04357223
2021-05-06,636.30840201,0.00000000,-0.14667764
2021-05-07,630.89572195,0.00000000,-0.00850638
2021-05-08,615.89301612,0.00000000,-0.02378001
2021-05-09,617.19419945,0.00000000,0.00211268
2021-05-10,618.12550512,0.00000000,0.00150893
2021-05-11,527.99676254,0.00000000,-0.14580978
2021-05-12,506.13049258,0.00000000,-0.04141364
2021-05-13,469.96820606,0.00000000,-0.07144854
2021-05-14,511.92974370,0.00000000,0.08928591
2021-05-15,506.84758373,0.00000000,-0.00992746
2021-05-16,508.18594666,0.00000000,0.00264056
2021-05-17,580.41386782,0.00000000,0.14212892
2021-05-18,625.75290648,0.00000000,0.07811502
2021-05-19,638.98180430,0.00000000,0.02114077
2021-05-20,357.14233158,0.00000000,-0.44107590
2021-05-21,375.31053479,0.00000000,0.05087104
2021-05-22,499.44476797,0.00000000,0.33075073
2021-05-23,487.81924760,0.00000000,-0.02327689
2021-05-24,594.32555102,0.00000000,0.21833149
2021-05-25,637.85848237,0.00000000,0.07324762
2021-05-26,679.31216248,0.00000000,0.06498884
2021-05-27,703.62589930,0.00000000,0.03579170
2021-05-28,754.16384069,0.00000000,0.07182502
2021-05-29,781.26993719,0.00000000,0.03594192
2021-05-30,793.90709506,0.00000000,0.01617515
2021-05-31,795.64620712,0.00000000,0.00219057
2021-06-01,861.19478121,0.00000000,0.08238407
2021-06-02,874.57804785,0.00000000,0.01554035
2021-06-03,919.34696432,0.00000000,0.05118916
2021-06-04,942.08064597,0.00000000,0.02472808
2021-06-05,1003.34000000,0.00000000,0.06502559
2021-06-06,1030.14000000,0.00000000,0.02671079
2021-06-07,1031.62000000,0.00000000,0.00143670
2021-06-08,1203.02000000,0.00000000,0.16614645
2021-06-09,1339.96000000,0.00000000,0.11383019
2021-06-10,1248.32000000,0.00000000,-0.06839010
2021-06-11,1254.53000000,0.00000000,0.00497469
2021-06-12,1271.51000000,0.00000000,0.01353495
2021-06-13,1275.41000000,0.00000000,0.00306722
2021-06-14,1344.45000000,0.00000000,0.05413161
2021-06-15,1365.66000000,0.00000000,0.01577597
2021-06-16,1368.94000000,0.00000000,0.00240177
2021-06-17,1378.84000000,0.00000000,0.00723187
2021-06-18,1525.78000000,0.00000000,0.10656784
2021-06-19,1531.13000000,0.00000000,0.00350640
2021-06-20,1175.13000000,-300.02100000,-0.03656058
2021-06-21,1222.92000000,0.00000000,0.04066784
2021-06-22,1262.01000000,0.00000000,0.03196448
2021-06-23,1204.51000000,0.00000000,-0.04556224
2021-06-24,1175.25000000,0.00000000,-0.02429204
2021-06-25,1314.50000000,0.00000000,0.11848543
2021-06-26,1217.73000000,0.00000000,-0.07361734
2021-06-27,1218.00000000,0.00000000,0.00022172
2021-06-28,1174.15000000,0.00000000,-0.03600164
2021-06-29,1174.93000000,0.00000000,0.00066431
2021-06-30,1139.87000000,0.00000000,-0.02984008
2021-07-01,1113.18000000,0.00000000,-0.02341495
2021-07-02,1076.51000000,0.00000000,-0.03294166
2021-07-03,1076.52000000,0.00000000,0.00000929
2021-07-04,1077.79000000,0.00000000,0.00117973
2021-07-05,1079.71000000,0.00000000,0.00178142
2021-07-06,1077.86000000,0.00000000,-0.00171342
2021-07-07,1078.20000000,0.00000000,0.00031544
2021-07-08,1138.73000000,0.00000000,0.05613986
2021-07-09,1174.19000000,0.00000000,0.03113995
2021-07-10,1173.75000000,0.00000000,-0.00037473
2021-07-11,1173.61000000,0.00000000,-0.00011928
2021-07-12,1173.38000000,0.00000000,-0.00019598
2021-07-13,1154.55000000,0.00000000,-0.01604766
2021-07-14,1159.64000000,0.00000000,0.00440864
2021-07-15,1159.15000000,0.00000000,-0.00042254
2021-07-16,1172.45000000,0.00000000,0.01147392
2021-07-17,1172.52000000,0.00000000,0.00005970
2021-07-18,1179.39000000,0.00000000,0.00585918
2021-07-19,1179.31000000,0.00000000,-0.00006783
2021-07-20,1179.29000000,0.00000000,-0.00001696
2021-07-21,1179.19000000,0.00000000,-0.00008480
2021-07-22,1191.00000000,0.00000000,0.01001535
2021-07-23,1202.30000000,0.00000000,0.00948783
2021-07-24,1202.24000000,0.00000000,-0.00004990
2021-07-25,1203.80000000,0.00000000,0.00129758
2021-07-26,1246.69000000,0.00000000,0.03562884
2021-07-27,964.41523272,-300.05000000,0.01425794
2021-07-28,975.48271440,0.00000000,0.01147585
2021-07-29,974.46316986,0.00000000,-0.00104517
2021-07-30,991.33053093,0.00000000,0.01730939
2021-07-31,987.49113224,0.00000000,-0.00387298
2021-08-01,988.13910398,0.00000000,0.00065618
2021-08-02,988.69640263,0.00000000,0.00056399
2021-08-03,976.23162561,0.00000000,-0.01260728
2021-08-04,975.89429093,0.00000000,-0.00034555
2021-08-05,984.03640031,0.00000000,0.00834323
2021-08-06,1032.45000000,0.00000000,0.04919899
2021-08-07,1049.55000000,0.00000000,0.01656255
2021-08-08,1072.61000000,0.00000000,0.02197132
2021-08-09,1138.68000000,0.00000000,0.06159741
2021-08-10,1204.49000000,0.00000000,0.05779499
2021-08-11,1276.13000000,0.00000000,0.05947746
2021-08-12,1279.10000000,0.00000000,0.00232735
2021-08-13,1318.08000000,0.00000000,0.03047455
2021-08-14,1369.76000000,0.00000000,0.03920855
2021-08-15,1372.20000000,0.00000000,0.00178133
2021-08-16,1372.69000000,0.00000000,0.00035709
2021-08-17,1375.63000000,0.00000000,0.00214178
2021-08-18,1439.40000000,0.00000000,0.04635694
2021-08-19,1070.22000000,-400.05000000,0.02144644
2021-08-20,1096.85000000,0.00000000,0.02488273
2021-08-21,1117.95000000,0.00000000,0.01923691
2021-08-22,1120.66000000,0.00000000,0.00242408
2021-08-23,1122.41000000,0.00000000,0.00156158
2021-08-24,1133.32000000,0.00000000,0.00972016
2021-08-25,1142.48000000,0.00000000,0.00808245
2021-08-26,1204.32000000,0.00000000,0.05412786
2021-08-27,1203.87000000,0.00000000,-0.00037365
2021-08-28,1206.88000000,0.00000000,0.00250027
2021-08-29,1210.27000000,0.00000000,0.00280890
2021-08-30,1216.87000000,0.00000000,0.00545333
2021-08-31,1213.26000000,0.00000000,-0.00296663
2021-09-01,1213.01000000,0.00000000,-0.00020606
2021-09-02,1212.45000000,0.00000000,-0.00046166
2021-09-03,929.50583831,-300.05000000,0.01410849
2021-09-04,934.59170693,0.00000000,0.00547158
2021-09-05,933.10226553,0.00000000,-0.00159368
2021-09-06,1082.89000000,0.00000000,0.16052660
2021-09-07,1140.04000000,0.00000000,0.05277544
2021-09-08,1088.86000000,0.00000000,-0.04489316
2021-09-09,1087.04000000,0.00000000,-0.00167147
2021-09-10,1075.91000000,0.00000000,-0.01023881
2021-09-11,1060.42000000,0.00000000,-0.01439712
2021-09-12,1059.21000000,0.00000000,-0.00114106
2021-09-13,1058.15000000,0.00000000,-0.00100075
2021-09-14,1058.19000000,0.00000000,0.00003780
2021-09-15,1087.61000000,0.00000000,0.02780219
2021-09-16,1099.80000000,0.00000000,0.01120806
2021-09-17,1105.57000000,0.00000000,0.00524641
2021-09-18,1128.41000000,0.00000000,0.02065903
2021-09-19,1128.99000000,0.00000000,0.00051400
2021-09-20,1198.25000000,0.00000000,0.06134687
2021-09-21,1314.32000000,0.00000000,0.09686626
2021-09-22,1384.92000000,0.00000000,0.05371599
2021-09-23,1095.02000000,-300.05000000,0.00732894
2021-09-24,1142.22000000,0.00000000,0.04310424
2021-09-25,1165.87000000,0.00000000,0.02070529
2021-09-26,1262.18000000,0.00000000,0.08260784
2021-09-27,1304.07000000,0.00000000,0.03318861
2021-09-28,1304.21000000,0.00000000,0.00010736
2021-09-29,1304.29000000,0.00000000,0.00006134
2021-09-30,1304.93000000,0.00000000,0.00049069
2021-10-01,1306.59000000,0.00000000,0.00127210
2021-10-02,1307.28000000,0.00000000,0.00052809
2021-10-03,1307.76000000,0.00000000,0.00036717
2021-10-04,1308.28000000,0.00000000,0.00039763
2021-10-05,1308.77000000,0.00000000,0.00037454
2021-10-06,1309.29000000,0.00000000,0.00039732
2021-10-07,1310.34000000,0.00000000,0.00080196
2021-10-08,1310.97000000,0.00000000,0.00048079
2021-10-09,1313.03000000,0.00000000,0.00157136
2021-10-10,1314.12000000,0.00000000,0.00083014
2021-10-11,1315.19000000,0.00000000,0.00081423
2021-10-12,1316.72000000,0.00000000,0.00116333
2021-10-13,1211.02000000,0.00000000,-0.08027523
2021-10-14,1213.64000000,0.00000000,0.00216347
2021-10-15,1217.62000000,0.00000000,0.00327939
2021-10-16,1221.08000000,0.00000000,0.00284161
2021-10-17,1224.30000000,0.00000000,0.00263701
2021-10-18,1227.93000000,0.00000000,0.00296496
2021-10-19,1231.32000000,0.00000000,0.00276074
2021-10-20,1234.15000000,0.00000000,0.00229835
2021-10-21,1166.98000000,0.00000000,-0.05442612
2021-10-22,1090.13000000,0.00000000,-0.06585374
2021-10-23,1050.13000000,0.00000000,-0.03669287
2021-10-24,1053.12000000,0.00000000,0.00284727
2021-10-25,1056.08000000,0.00000000,0.00281070
2021-10-26,1058.86000000,0.00000000,0.00263238
2021-10-27,1061.15000000,0.00000000,0.00216270
2021-10-28,1062.29000000,0.00000000,0.00107431
2021-10-29,1064.13000000,0.00000000,0.00173211
2021-10-30,1080.80000000,0.00000000,0.01566538
2021-10-31,1089.16000000,0.00000000,0.00773501
2021-11-01,1091.10000000,0.00000000,0.00178119
2021-11-02,1093.80000000,0.00000000,0.00247457
2021-11-03,1097.13000000,0.00000000,0.00304443
2021-11-04,1099.43000000,0.00000000,0.00209638
2021-11-05,1077.34000000,0.00000000,-0.02009223
2021-11-06,1079.29000000,0.00000000,0.00181001
2021-11-07,1080.66000000,0.00000000,0.00126935
2021-11-08,1082.72000000,0.00000000,0.00190624
2021-11-09,1085.43000000,0.00000000,0.00250296
2021-11-10,1072.84000000,0.00000000,-0.01159909
2021-11-11,1075.51000000,0.00000000,0.00248872
2021-11-12,1076.68000000,0.00000000,0.00108786
2021-11-13,1078.41000000,0.00000000,0.00160679
2021-11-14,1079.56000000,0.00000000,0.00106638
2021-11-15,1080.15000000,0.00000000,0.00054652
2021-11-16,1005.03000000,0.00000000,-0.06954590
2021-11-17,937.72344280,0.00000000,-0.06696970
2021-11-18,938.96800590,0.00000000,0.00132722
2021-11-19,896.62638569,0.00000000,-0.04509378
2021-11-20,896.44856640,0.00000000,-0.00019832
2021-11-21,896.28398344,0.00000000,-0.00018359
2021-11-22,896.02274165,0.00000000,-0.00029147
2021-11-23,895.75335469,0.00000000,-0.00030065
2021-11-24,895.48413380,0.00000000,-0.00030055
2021-11-25,895.21643354,0.00000000,-0.00029894
2021-11-26,893.26389049,0.00000000,-0.00218108
2021-11-27,904.64617476,0.00000000,0.01274235
2021-11-28,911.45789055,0.00000000,0.00752970
2021-11-29,892.71599399,0.00000000,-0.02056255
2021-11-30,892.45722363,0.00000000,-0.00028987
2021-12-01,891.61942976,0.00000000,-0.00093875
2021-12-02,891.35552312,0.00000000,-0.00029599
2021-12-03,891.08910180,0.00000000,-0.00029889
2021-12-04,808.56350997,0.00000000,-0.09261205
2021-12-05,809.33182026,0.00000000,0.00095022
2021-12-06,809.86695888,0.00000000,0.00066121
2021-12-07,725.88301766,0.00000000,-0.10370091
2021-12-08,725.88360356,0.00000000,0.00000081
2021-12-09,725.88274080,0.00000000,-0.00000119
2021-12-10,725.88186305,0.00000000,-0.00000121
2021-12-11,725.88106420,0.00000000,-0.00000110
2021-12-12,725.88074429,0.00000000,-0.00000044
2021-12-13,725.88103901,0.00000000,0.00000041
2021-12-14,725.88150518,0.00000000,0.00000064
2021-12-15,725.88110689,0.00000000,-0.00000055
2021-12-16,725.88044837,0.00000000,-0.00000091
2021-12-17,725.87955931,0.00000000,-0.00000122
2021-12-18,725.87951764,0.00000000,-0.00000006
2021-12-19,725.87910875,0.00000000,-0.00000056
2021-12-20,725.87854072,0.00000000,-0.00000078
2021-12-21,725.81240425,0.00000000,-0.00009111
2021-12-22,725.74544048,0.00000000,-0.00009226
2021-12-23,729.53683894,0.00000000,0.00522414
2021-12-24,737.05536952,0.00000000,0.01030590
2021-12-25,737.01556518,0.00000000,-0.00005400
2021-12-26,737.05106064,0.00000000,0.00004816
2021-12-27,736.97146210,0.00000000,-0.00010800
2021-12-28,737.09944149,0.00000000,0.00017366
2021-12-29,737.15363436,0.00000000,0.00007352
2021-12-30,737.27132776,0.00000000,0.00015966
2021-12-31,737.26973405,0.00000000,-0.00000216
