date,fills,orders,notional_xbt,notional_usd,realised_xbt,funding_xbt
2018-03-05,21,6,14.6024,168000,-0.01910004,-0.00608514
2018-03-06,60,24,31.5001,358000,-0.06358364,0.00052189
2018-03-07,7,3,3.7374,40000,-0.01547227,0.00079993
2018-03-08,85,46,49.4064,480000,0.04735248,0.00077143
2018-03-09,149,96,62.8589,554000,0.03630907,0.00010518
2018-03-10,156,71,54.9291,510000,-0.06403106,0.00593189
2018-03-11,80,45,29.7239,268200,-0.03507086,0
2018-03-12,138,59,41.069,395000,0.04152832,-0.00049884
2018-03-13,566,170,343.3773,3135000,-0.21090265,-0.01342651
2018-03-14,33,18,57.0121,510000,-0.31394156,-0.00592068
2018-03-15,134,46,167.1931,1350000,0.32075933,0
2018-03-16,459,101,497.508,4071522,0.49775425,0
2018-03-17,124,25,185.5109,1524262,0.22969383,-0.00154359
2018-03-19,145,33,241.9922,2040000,0.08837371,0.00541168
2018-03-20,264,50,377.0628,3182838,1.16909836,0
2018-03-21,656,121,918.7169,8207644,-2.4412525,-0.0092035
2018-03-22,703,89,1023.5845,9075288,0.48534757,0.00784807
2018-03-29,251,69,391.0068,2940000,-0.04377354,0.00334625
2018-03-30,998,197,1275.0678,8873406,0.69164967,-0.027557
2018-03-31,781,128,995.5662,6910296,0.35301483,0.01319451
2018-04-01,1697,169,2170.0817,14683314,-0.6370417,-0.02124379
2018-04-02,1737,167,2373.598,16398410,-0.51328951,0.03517994
2018-04-03,640,94,872.1978,6269710,-0.66220734,0.00119433
2018-04-04,388,66,490.6286,3550200,0.03698744,0.01003803
2018-04-05,400,83,525.0759,3567308,0.12407124,0
2018-04-06,132,27,155.1323,1040200,0.28374013,0.00385879
2018-04-07,92,25,147.5155,995260,-0.03974904,0.00408795
2018-04-08,9,2,5.6912,40000,0.00054105,0.00038512
2018-04-09,105,30,109.6502,760000,0.27955181,0.00000807
2018-04-10,48,12,50.5382,336400,0.1489699,-0.00196629
2018-04-11,7,1,4.3242,30000,0,0
2018-04-12,35,15,48.909,373622,0.00632753,-0.00094491
2018-04-13,525,111,645.5888,5061556,0.04830097,0.0073609
2018-04-14,633,127,945.0362,7522648,0.56330627,-0.00284251
2018-04-15,1309,75,1372.115,11053554,-0.7460173,0.0006231
2018-04-16,1411,120,2270.1029,18541238,0.45716144,-0.0049468
2018-04-17,76,12,49.327,400046.65,1.02594189,0
2018-04-18,373,23,491.4648,3921588,0.86710942,0
2018-04-19,1053,50,1449.6176,11853968,-1.20570108,0
2018-04-20,308,30,570.6612,4762796,0.37481502,0.00774165
2018-04-21,463,73,1050.4652,9275330,0.37951682,0.0011854
2018-04-22,125,7,134.7183,1200000,0.07038462,0
2018-04-23,92,17,135.7078,1200019.16,0.16402756,0
2018-04-24,347,48,598.6577,5525179.94,0.90605724,0
2018-04-25,586,85,1472.7844,13592013.72,0.02089855,0.00296184
2018-04-26,208,30,390.7598,3433824,1.70204947,0
2018-04-27,38,6,89.7505,829788,0.01718121,0
2018-04-28,344,30,521.3505,4799455.94,0.54595876,0
2018-04-29,113,24,42.8479,400051.86,0.32282445,0
2018-04-30,81,81,0.0687,640,0.00496625,0
2018-05-01,4,2,45.13,400000,0,0
2018-05-02,92,8,175.7667,1600000,0.03889155,0
2018-05-04,388,55,834.1832,8026041.71,-0.05442717,0
2018-05-06,40,15,136.2763,1293746,0.02585069,0.06662654
2018-05-07,216,32,259.3517,2420044.69,0.48768999,0
2018-05-09,181,38,0,148.04,0.4350829,0
2018-05-11,184,35,140.2027,1200068.89,0.4499533,0
2018-05-12,559,78,1721.1631,14395882,2.1406721,0
2018-05-13,111,10,234.3102,2000000,0.09434026,0
2018-05-14,35,6,101.3493,861696,0.09101193,0
2018-05-15,36,4,45.187,400332,0.0445186,0
2018-05-16,240,33,750.6146,6161952,0.87982015,0.0024486
2018-05-17,20,4,90.772,759010,0.1331444,0
2018-05-18,11,8,0,11.82,0,0
2018-05-19,47,8,70.5971,585407.4,0.07105035,0
2018-05-20,45,5,81.1076,676884,0.10117951,0
2018-05-21,154,11,235.5931,2000000,-0.01761548,0
2018-05-22,169,19,302.6177,2487439.87,0.08576357,0
2018-05-23,407,30,944.2183,7490994,-0.67982827,0.0024428
2018-05-24,918,90,2704.9651,20435180,-4.77220696,0
2018-05-25,390,27,782.094,5871823,0.45044602,-0.01970996
2018-05-26,113,14,281.4993,2113239,1.39148098,0.00150348
2018-05-27,2,2,41.6074,313238,-0.18900711,1e-8
2018-05-28,299,8,330.7341,2400000,-0.11788962,0
2018-05-29,181,22,593.0271,4380436,0.06082273,0
2018-05-30,105,14,388.4144,2900000,0.51943196,0
2018-05-31,165,14,348.5357,2589383,0.4281905,0.00696456
2018-06-01,105,16,211.4215,1575896,0.4647334,-0.00102131
2018-06-03,89,14,245.6739,1887890,-0.00576007,-0.00474535
2018-06-04,285,22,432.888,3301126.37,0.3549609,0.00000498
2018-06-05,196,26,591.1993,4402828,0.47414512,0.00674381
2018-06-06,236,20,576.0463,4357344,0.07865738,-0.0057645
2018-06-07,243,21,490.4724,3716382,0.20136839,-5e-8
2018-06-10,113,12,239.7468,1733062,0.24721342,-1.5e-7
2018-06-11,170,32,337.49,2275834.19,0.4984414,-3.4e-7
2018-06-12,67,6,109.5196,751502,-0.02267319,-0.00597817
2018-06-13,195,13,297.0263,1948498,0.26878917,-0.01220217
2018-06-14,452,53,1264.543,8035144,0.31233244,0.00811677
2018-06-15,289,26,467.2438,3096794,0.63469436,-3e-7
2018-06-16,182,25,523.5321,3367654,0.85348917,-2.3e-7
2018-06-17,123,15,299.3982,1917822,0.5263997,-3.5e-7
2018-06-18,91,23,132.8421,859014.87,0.07339679,-2e-7
2018-06-19,247,21,438.7608,2964854,0.22027903,-6e-8
2018-06-20,345,30,680.2344,4525944,0.28249089,1.3e-7
2018-06-21,113,7,206.5889,1400000,0.40081915,2.1e-7
2018-06-22,142,19,337.9963,2179525.28,0.29964149,3e-8
2018-06-23,303,40,910.2925,5561377.67,1.15825039,-6.1e-7
2018-06-24,1078,105,2462.7124,14734926.63,-2.13880254,-0.00620518
2018-06-25,1058,109,2703.5479,16572500.94,0.90406762,0.0649567
2018-06-26,90,16,129.3664,800024.88,0.6771576,-4e-8
2018-06-27,70,4,132.7476,800000,0.12287194,6e-8
2018-06-28,142,27,98.436,600058.96,1.28884415,0.00547516
2018-06-29,102,17,328.4853,1927976.53,-3.78853013,0.00668982
2018-06-30,362,45,824.7307,5300038.5,1.37006532,-0.00313407
2018-07-02,81,15,158.945,1000020.32,0.17005042,6e-8
2018-07-03,292,19,511.3377,3367300,1.93461853,3e-8
2018-07-04,552,46,986.1692,6405366.99,1.11810444,0.00002362
2018-07-05,225,23,561.7198,3701298,0.10110916,-0.00224455
2018-07-06,14,2,0,13.31,0.00599025,6e-8
2018-07-07,4,1,0,6.56,0.00294988,6e-8
2018-07-08,226,24,650.4685,4400000,0.48093208,0.00892224
2018-07-10,216,45,510.5531,3345794.27,-0.77710455,0.00628605
2018-07-11,113,28,360.1713,2276308.33,-0.18626149,6e-8
2018-07-12,55,6,64.686,400022.09,-0.13600159,-0.01051316
2018-07-13,143,23,272.2311,1691745.67,0.7332532,0.00275446
2018-07-14,248,40,581.4924,3609929.03,0.92494847,-0.00741368
2018-07-15,140,18,288.112,1800023.85,0.02934778,-0.00319163
2018-07-16,101,16,91.4283,600028.97,0.0886086,0.04160952
2018-07-17,312,54,749.6349,5012661.04,0.85131297,-0.00539882
2018-07-18,573,64,1721.4446,12626199.53,-4.78460196,-0.00425086
2018-07-19,1270,124,2555.4289,18871188.87,4.1265106,-0.00665828
2018-07-20,349,45,711.2231,5275023.25,1.77399674,-0.00987652
2018-07-21,184,20,423.7538,3114289.63,-2.46103513,0.00618386
2018-07-22,65,12,202.2015,1502285.21,0.27340749,-0.00003076
2018-07-23,346,39,1030.1552,7730543.77,0.65973027,-0.00131878
2018-07-24,773,112,1558.76,12567756.1,2.75459545,0.02871411
2018-07-25,565,66,1384.8698,11536380.4,2.24464377,-0.00861064
2018-07-26,487,70,1447.6457,11859531.47,0.81439139,-0.02684505
2018-07-27,1017,103,2890.5397,22886940.89,2.29222686,0.11863285
2018-07-28,474,51,1422.7359,11568168.96,0.1742489,-0.10653572
2018-07-29,198,18,366.8575,3000019.01,0.45823124,0.01717663
2018-07-30,196,28,112.2273,919369.89,0.55686038,0.04642192
2018-07-31,555,57,1293.6763,10158463.99,0.87992395,0.20726768
2018-08-01,836,110,2186.3553,16705702.77,-6.69560552,0.11804141
2018-08-02,245,27,446.7752,3398651.55,2.21830313,0.00320134
2018-08-03,73,12,168.8375,1250014.68,-0.607676,0.00997552
2018-08-04,436,45,1264.8311,9197622.57,0.19698841,0.01013715
2018-08-05,322,32,451.2502,3148631.98,-3.42807889,-0.09741916
2018-08-06,570,51,1583.9141,11072458.37,0.4889391,-0.02245652
2018-08-07,471,30,825.0285,5775049.84,2.65536045,0.01804423
2018-08-08,1675,147,4894.1547,31941087.11,-0.22606319,-0.1376334
2018-08-09,1462,121,4005.5596,25244045.72,1.9363282,-0.11692241
2018-08-10,762,57,1853.323,11999004,6.17946861,-0.02197054
2018-08-11,241,27,792.036,4956864,0.22213193,-0.04098177
2018-08-12,354,27,921.9853,5759587.74,2.59497436,-1.1e-7
2018-08-13,344,21,567.3358,3592764.51,-0.5832445,-0.00387969
2018-08-14,344,46,670.9218,3100034.97,-1.84925955,0.00125077
2018-08-15,644,66,1073.3993,6729100.12,2.78784106,0.02731166
2018-08-16,865,57,2029.5904,12980586,-0.07163975,-0.02867221
2018-08-17,917,53,1692.9354,10839458,1.94483409,0.07389083
2018-08-18,1209,86,3005.3705,9785571.15,-0.14448697,0.00829258
2018-08-19,41,2,0,12.92,0.93143313,-3.3e-7
2018-08-20,116,8,307.863,2000000,-0.15679569,-1.7e-7
2018-08-21,50,6,238.3473,1500000,0.10983213,-7e-8
2018-08-22,149,13,386.163,2604212,0.13078942,-8e-8
2018-08-23,214,21,496.3304,3167422,0.83769947,0.02962005
2018-08-24,74,4,154.3472,1000000,0.34947615,0.01143259
2018-08-25,746,33,943.3724,6334490,-1.68554728,0.07054977
2018-08-26,582,35,1212.8171,8066856,0.68477557,0.00130269
2018-08-27,241,18,348.1967,2331562,-0.32545738,0.03157339
2018-08-28,285,19,622.3188,4298196,-2.48604448,0.00233713
2018-08-29,406,32,780.7557,5515582.21,1.12470754,0.00005351
2018-08-30,237,18,584.8415,4041950,-0.8058994,0.02539978
2018-08-31,382,11,302.3947,2100000,1.59776184,0.02552584
2018-09-01,210,2,70.8502,500000,-0.0374849,4e-8
2018-09-02,246,12,350.5743,2530360,0.50478088,-4e-8
2018-09-03,242,9,275.7824,2000000,1.15584915,-0.01038878
2018-09-04,121,9,307.1321,2250000,0.00249434,-0.02395103
2018-09-05,477,41,1398.7692,9862096,5.89982143,-0.02020078
2018-09-06,1426,89,4526.5103,29327966,-11.93728792,0.05332898
2018-09-07,635,27,832.3507,5360054,0.67712863,-0.05457037
2018-09-09,357,23,717.437,4570038,1.12002682,-0.04933338
2018-09-10,79,6,317.5325,2000000,2.96431088,2.8e-7
2018-09-11,241,16,1637.9802,1131962.22,0.60562279,2.4e-7
2018-09-12,258,30,11657.949,2012718.59,0.61728524,0.02300048
2018-09-13,655,57,16558.7651,5165622.42,-0.27175699,0.0350107
2018-09-14,1507,103,35775.3242,14380688.66,-5.36093719,0.23800823
2018-09-15,536,30,8993.0531,3383661.89,1.72768611,0.02607502
2018-09-16,486,41,20354.581,4394836.82,-1.45429545,-0.0087882
2018-09-17,204,16,5300.7852,1169949.25,0.66351438,-0.0048106
2018-09-18,1764,125,48053.3762,9754284.24,-3.47211803,0.04610662
2018-09-19,863,59,26323.8652,5500711.99,-3.09070407,0.01447259
2018-09-20,964,71,35941.4137,7377920.38,3.5477117,0.00000196
2018-09-21,1546,98,15445.9496,3485949.46,1.1199091,-0.05180462
2018-09-22,401,88,6880.7075,1697275.36,-15.74562129,-0.01464906
2018-09-23,17,4,672.6987,165374.94,0,0
2018-09-24,192,6,302.023,489447.25,0.03452855,0.00298278
2018-09-25,710,94,24752.4442,5304794.52,1.51164271,-0.02393228
2018-09-26,953,102,18052.1984,3863305.4,-0.004281,-0.00325403
2018-09-27,806,84,22606.8316,4916883.9,1.29196218,-0.00132458
2018-09-28,716,76,21755.8085,4940405.36,0.65330967,1.7e-7
2018-09-29,651,56,18370.3689,4017023.69,-1.56031075,-0.00037517
2018-10-02,56,6,1961.5132,446162.77,0.00888665,6e-8
2018-10-03,528,40,11489.9195,2513564.48,-0.56745682,0.03682025
2018-10-06,41,2,1310.8314,295333.49,0.26641656,-1e-8
2018-10-07,362,43,0,159.87,0.54989992,-2.3e-7
2018-10-08,34,5,0,33.4,0.35138041,-4.9e-7
2018-10-09,311,21,0,98.33,-0.13458726,-3.8e-7
2018-10-10,326,17,307.47,2000056.81,0.40248624,-2.5e-7
2018-10-11,1089,37,1592.2527,10000002,0.79215753,-0.0241941
2018-10-12,659,29,1193.6715,7372562,1.16350405,0.02419305
2018-10-15,549,25,2094.6443,5741694.91,4.86510294,-7e-8
2018-10-16,503,11,388.6418,2500000,-0.28732692,-0.00861816
2018-10-19,82,4,156.7695,1000000,0.24937584,-1.5e-7
2018-10-30,46,2,79.6775,500000,0.14250245,-5e-7
2018-11-04,84,10,0,225.66,0.61943875,-4.6e-7
2018-11-05,148,21,2566.4071,533521.43,1.85107554,0.04635728
2018-11-06,1612,115,4802.832,1017816.3,-1.11247838,-6.6e-7
2018-11-07,40,7,651.0733,142934.09,1.65861829,-1.4e-7
2018-11-08,232,10,1311.1408,281897.12,-0.16261489,-1.4e-7
2018-11-09,674,47,17128.846,3616093.16,2.37066142,0.21763868
2018-11-10,454,16,8132.9216,1696364.11,-5.06056764,0.18166044
2018-11-11,180,18,2545.9771,539029.46,0.53553656,-0.00045307
2018-11-12,315,31,0,438.89,-1.70404592,6e-8
2018-11-13,310,32,0,386.11,-0.61590952,2.6e-7
2018-11-14,1135,103,2509.6589,512588.22,1.16131573,1.8e-7
2018-11-15,1357,141,46615.1094,10067565.2,9.54448164,0.12323068
2018-11-16,829,75,17266.1162,3001486.53,3.72114573,-0.00535214
2018-11-17,71,5,2200.2196,381239.37,0.03443161,0.00686958
2018-11-18,510,21,3462.0704,1385679.71,-0.45340705,0.02628052
2018-11-19,1022,57,26051.128,5057300.46,-1.40153521,-0.02981751
2018-11-20,1603,94,17754.6171,12928204.57,0.7561224,0.0193905
2018-11-21,2091,139,20801.2593,18569181.52,8.09933071,5.1e-7
2018-11-22,419,28,931.0229,4125295,1.6053331,-2e-8
2018-11-23,1558,93,16047.1236,12554056.77,10.84161959,-0.05721235
2018-11-24,468,13,2033.9353,1747728.22,0.68517356,-0.00586331
2018-11-25,5073,259,40100.6161,43163479.68,19.42484591,0.24364956
2018-11-26,3147,160,12853.7876,31630921.44,0.04323752,0.28280779
2018-11-27,3222,127,9353.4536,26689781.78,14.82079051,0.447784
2018-11-28,2377,89,5409.9422,21305062,1.09587326,-9e-8
2018-11-29,3545,125,7010.524,29832600,3.19704052,0.29204965
2018-11-30,1641,67,3428.712,13989362,11.0815214,0.25025668
2018-12-01,976,31,1748.0214,6902932,0.8870689,0.18731863
2018-12-02,1108,48,2188.9752,9023750,-3.66336959,0.04219911
2018-12-03,1129,41,2545.8278,10151680,4.67108785,0.11353954
2018-12-04,1562,57,3208.6494,12405368,7.28321469,0.16608792
2018-12-05,530,22,1179.2414,4550002,1.90800471,-0.06428103
2018-12-06,1477,46,3053.2031,11351341,6.37236646,0.00060522
2018-12-07,1505,73,5078.6458,17122151.35,10.68447065,0.31962289
2018-12-08,717,31,1690.4978,5554822.09,11.47498832,-0.17802585
2018-12-09,627,21,1527.6986,5256115,-0.69337111,-0.09672633
2018-12-10,2325,75,9540.0503,14152731.41,3.74584667,-0.00001431
2018-12-11,910,36,2557.6146,8751719,-3.6912253,-0.00882113
2018-12-12,718,26,1922.8414,6465144,-1.79994392,0.11575359
2018-12-13,2018,47,3079.8493,10565394,-3.96678599,0.01366332
2018-12-14,1175,32,2367.6381,7778064,6.41818345,0.31083376
2018-12-15,740,26,2160.9641,6858565,7.07109348,0.01701695
2018-12-16,1124,26,2618.4041,8399773,3.30229203,0.03045698
2018-12-17,2848,67,6002.4911,19846533,3.95665998,0.01962149
2018-12-18,6383,169,18132.427,44472874.05,-30.05990558,-0.17647885
2018-12-19,2292,92,6919.0075,25603512.96,12.54574379,0.81231911
2018-12-20,4214,135,10283.1504,38878664.75,2.69501563,0.28504745
2018-12-21,3953,125,7842.0696,31492696.87,6.42229732,0.15702668
2018-12-22,2994,69,4718.2372,18079100,5.88352894,0.1068396
2018-12-23,1511,41,3011.3102,11823062,-1.99838693,0.01295485
2018-12-24,838,24,1943.3087,7774012,3.25323951,-0.02056477
2018-12-25,2198,63,4928.8968,19280655.42,12.98933996,-0.06442178
2018-12-26,2103,57,4357.4211,16384812,4.08307823,0.02906476
2018-12-27,535,15,731.7109,2770284,3.34250426,-0.00000142
2018-12-28,305,10,760.37,2761682,5.51739876,-0.00011049
2018-12-29,429,14,1220.8358,4700500,0.15133353,0.13407974
2018-12-30,1514,39,2785.5598,10529650,-0.5839963,0.06798502
2018-12-31,81,2,237.9403,900000,1.81786921,0.07276672
2019-01-01,253,7,484.539,1797501,3.46724781,-0.02450258
2019-01-02,551,9,338.072,1275238,0.5072797,-0.00000989
2019-01-03,106,2,232.557,900000,0.3929575,0.00006812
2019-01-04,271,9,718.3486,2699980,-0.00008034,0.00002898
2019-01-05,199,6,3697.9127,1453035.54,0.28463105,0.00916524
2019-01-07,469,15,740.6884,2976455,0.68467444,0.01127034
2019-01-08,62,2,226.332,900000,0.96365811,0.00000683
2019-01-09,303,8,231.6115,909919,-7.18499143,-0.00002196
2019-01-10,301,17,785.0055,3001475.25,-2.30251857,0.00002974
2019-01-11,574,20,1710.1889,6177479,5.25140523,0.28019898
2019-01-12,250,12,755.6963,2713199,22.08171494,0.24242749
2019-01-13,177,1,124.718,450000,-0.06334886,0.04871395
2019-01-14,619,13,1283.8032,4502051,6.13799304,0.008763
2019-01-15,371,14,1353.9501,4954414,7.03652698,0.17727937
2019-01-16,534,11,1379.3486,5000762,5.34823274,0.02837979
2019-01-17,122,3,278.5646,1000000,1.89612127,0.05404955
2019-01-20,146,3,277.3404,999577,0.07025163,-0.08195134
2019-01-21,91,4,264.342,931006,6.80653805,0.4853786
2019-01-22,281,4,569.6858,2000000,2.92986997,0.00849732
2019-01-23,82,1,140.39,500000,0.03117609,-0.00585338
2019-01-24,89,2,140.2452,500062,0.20294104,0.00013628
2019-01-27,440,11,990.6425,3507566,1.81479994,0.13982935
2019-01-28,393,13,1163.3935,4039727,4.6016351,-0.00577837
2019-01-29,213,7,879.0829,2998651,4.48714313,-0.04402775
2019-01-30,400,12,1364.8875,4654884,2.53488796,-0.01058233
2019-01-31,11,1,146.455,500000,-0.24585762,0.05296501
2019-02-01,454,5,585.2286,2000500,0.71855889,0.02931623
2019-02-02,60,2,290.83,1000000,2.50493252,0.05812762
2019-02-03,371,6,871.46,3000000,-0.34444616,0.02968351
2019-02-08,327,6,643.2618,2162900,1.02040922,0.0182546
2019-02-09,406,9,1107.3104,4000411,1.31518626,0.05534969
2019-02-10,375,3,554.5559,2000000,-0.93579258,0.02764417
2019-02-11,889,7,1103.7508,4000695,1.29161528,-0.02770533
2019-02-12,107,4,420.6879,1500100,0.04634696,0.02799691
2019-02-13,229,6,693.9779,2500100,1.93741983,0.00000196
2019-02-15,147,2,279.935,1000000,-0.03981052,-0.05833461
2019-02-16,95,2,139.1828,500010,0.08390261,-0.08379061
2019-02-17,551,8,1387.9689,4999547,-5.46386671,-0.10891372
2019-02-18,481,16,1622.6988,6000800,2.02066302,-0.05302477
2019-02-19,1107,36,3721.6124,14461834,-2.61475265,0.29433759
2019-02-20,235,5,477.1955,1866780,1.48211857,-0.05092085
2019-02-21,167,7,642.2107,2500550,1.44115784,-0.01427723
2019-02-22,260,12,894.8704,3500388,0.93575877,-0.01728275
2019-02-23,1,1,0.051,200,0.68974857,-0.00000635
2019-02-24,1035,29,10636.1387,11260110.21,0.03279962,-0.01306104
2019-02-25,1338,38,24378.6286,9126312.66,11.69910389,-0.16491617
2019-02-26,634,12,16059.8103,5101824.97,0.81546289,0.15398649
2019-02-28,87,2,157.8176,600500,0.05442618,0.0178217
2019-03-01,241,13,4228.5657,2071254.81,2.42000217,-0.00001288
2019-03-02,169,7,628.9176,2399570,1.65586972,0.00016343
2019-03-04,444,9,4638.8644,3663152.77,0.09282172,0.04975412
2019-03-05,358,18,8154.9548,3395114.81,-0.4935724,0.05508865
2019-03-06,592,16,1376.3069,5286036,8.35272667,-0.00543155
2019-03-07,212,8,545.9573,2108499.92,2.31344934,0.00489038
2019-03-08,562,9,8454.9502,3857462.76,0.49460485,-0.04219187
2019-03-11,425,3,361.5245,1408400,-0.33167943,0.06697829
2019-03-12,193,9,913.572,3500461,8.34330462,-0.02587044
2019-03-14,799,11,1287.0764,4931015,0.00004623,-0.00002614
2019-03-15,141,4,285.3418,1097925,-1.86898113,0.00026136
2019-03-16,349,4,700.6529,2802000,1.19058057,0.00037991
2019-03-17,123,2,352.961,1400000,0.93210593,-0.03530653
2019-03-18,222,9,526.5152,2100051,-0.53896481,0.00646772
2019-03-19,44,1,176.253,700000,0.50348688,0.04712769
2019-03-21,255,4,440.9175,1750212,-0.00003958,0.00005365
2019-03-22,194,2,352.8976,1400000,-0.18854949,0.16408578
2019-03-23,135,3,350.7064,1400000,-0.16503702,0.28292098
2019-03-24,40,1,176.414,700000,1.05546267,0.07175305
2019-03-26,313,5,651.3366,2545444,3.18393977,0.25594471
2019-03-27,64,4,696.892,2800000,0.08693298,0.14308566
2019-03-28,159,5,698.1794,2800250,1.31555253,0.02134934
2019-03-29,57,4,694.624,2800000,3.03648606,0.0349065
2019-03-30,178,9,856.5625,3500600,2.41665195,0.15588131
2019-03-31,18,1,171.15,700000,-0.07838535,0.2619148
2019-04-01,103,3,339.003,1400000,-0.48715816,0.38810118
2019-04-02,2224,58,7516.2452,35082063,-74.76784228,0.21262232
2019-04-03,1231,50,5347.7317,26384776,18.87754789,0.17374195
2019-04-04,2290,87,7970.0794,40162560.65,12.23241439,0.01659675
2019-04-05,825,39,3592.1633,17914488,2.70662113,0.08405116
2019-04-06,190,10,840.108,4203172,4.35214129,0.09795858
2019-04-07,847,5,545.6245,2804848,11.60995415,0.06787164
2019-04-08,331,11,3027.889,4292669.78,-1.35377905,-0.07930345
2019-04-09,248,12,1216.3189,6356554,3.40907047,0.00000349
2019-04-10,226,11,925.7304,4858105,1.60174933,0.0000251
2019-04-11,2113,78,6274.4448,32344251.16,3.46168815,0.01540892
2019-04-12,785,28,2883.1127,14465712,6.25957786,0.04640698
2019-04-13,186,3,472.5792,2400000,2.21090718,0.01165892
2019-04-14,328,8,790.9536,4006000,1.83858909,0.0323188
2019-04-15,326,9,969.5104,4988519,-3.5516809,-0.03968544
2019-04-16,62,2,317.384,1600000,0.95346018,0.00000689
2019-04-17,1165,31,2957.0915,15425810,2.22319309,0.00291616
2019-04-18,641,12,916.694,4800200,2.8092167,-0.01527411
2019-04-19,1216,19,1706.1124,9000000,0.11137173,-0.07159616
2019-04-20,4,2,150.7601,800000,-0.52542235,0.02128209
2019-04-21,810,21,2192.7246,11565410,3.65003562,0.02564661
2019-04-22,254,14,1364.1895,7200401,4.34819099,0.07410953
2019-04-23,2269,69,7435.0569,37438374.11,14.57608867,0.11120536
2019-04-24,2586,79,9084.3377,49858208,10.16807221,0.4729776
2019-04-25,2388,54,5941.0045,32252379,6.32114485,-0.14470247
2019-04-26,2964,66,9935.6308,51395768,-5.21884844,0.25930535
2019-04-27,767,16,1530.2653,7844230,3.5246444,-0.03992344
2019-04-28,218,4,581.3106,3000000,0.04700342,0.65873791
2019-04-29,447,10,1012.632,5187776,-0.7111359,-0.05221871
2019-04-30,678,6,963.3083,5002146,1.17986483,0.4775516
2019-05-01,866,11,1325.9026,7002155,-8.05406868,0.12937599
2019-05-02,865,4,939.5968,5000000,-0.54379834,0.70058402
2019-05-03,817,24,3195.6623,17709516,-7.33928111,0.69638689
2019-05-04,440,15,1557.9777,8842404,0.52534985,0.02514647
2019-05-05,1470,39,3488.9502,19915640,12.08678674,0.00000681
2019-05-06,2364,72,6888.0247,38876805,20.42666165,0.18017371
2019-05-07,3551,76,13917,48270444.55,-6.30377626,0.20111123
2019-05-08,1032,19,2115.5576,12380906,12.64798647,0.12969895
2019-05-09,2530,51,5272.8325,31636223,-5.14044216,0.1746718
2019-05-10,358,5,496.3192,3000000,-1.94759649,0.08192053
2019-05-11,4234,114,10750.0288,72157653,10.69844363,-0.20391342
2019-05-12,5209,123,14705.5915,105785587,-2.69855561,-0.05015886
2019-05-13,3642,69,9960.9335,70557322,14.60351568,-0.00062553
2019-05-14,2123,45,4784.56,37765753.49,-24.9377378,-0.05002443
2019-05-15,1940,41,4614.5429,36585122,18.21028702,0.09482851
2019-05-16,982,18,2283.9101,18287066,4.63188112,-0.05293332
2019-05-17,1948,58,6705.6004,49558079,3.93169778,0.00012439
2019-05-18,1993,29,3515.2299,25628411,1.26523852,0.00001146
2019-05-19,913,36,2878.4434,22303700,6.53061614,0.00305236
2019-05-20,2296,54,5866.2178,46791969,2.46531321,-0.06306993
2019-05-21,1061,21,2332.5394,18550592,5.79951781,-0.03147688
2019-05-22,1809,31,3925.3809,31342925,0.48660468,-0.14327058
2019-05-23,3618,78,16425.6857,55643436.91,7.18720631,-0.0662057
2019-05-24,395,9,1239.3527,9799398,-3.11323539,-0.01798485
2019-05-25,54,3,346.823,2801000,-0.36371157,0.00010666
2019-05-27,167,6,336.6987,3001000,1.3234766,-0.00003291
2019-05-28,8,1,1.0189,8841,0.00012089,-0.00008917
2019-05-29,302,8,565.8103,4883099,0.13212662,-0.11954648
2019-05-30,412,10,810.6177,6999916,-4.57559222,-0.27921429
2019-05-31,556,8,860.4657,7100000,2.17907897,-0.07571505
2019-06-01,214,5,481.8115,4100000,-2.53853256,-0.11728673
2019-06-02,93,3,325.2052,2800000,-8.08485545,-0.03284443
2019-06-03,360,3,164.783,1400000,-0.11935474,-0.02910553
2019-06-04,1019,36,4102.5956,32649928,13.01142706,-0.03408941
2019-06-10,56,4,183.4576,1400000,6.16978933,0.01599208
2019-06-11,223,3,393.8266,3117778,0.29123972,-0.02326558
2019-06-12,451,17,1112.9408,8911117,-1.61333169,-0.01791237
2019-06-13,276,1,172.1683,1400000,-0.11928135,-0.01724556
2019-06-14,68,1,170.7305,1400000,-1.37119684,-0.0169893
2019-06-15,107,3,160.886,1400500,0.00388712,0.01615034
2019-06-16,1147,21,2161.0305,19697080,8.57616062,0.05458212
2019-06-17,416,13,1390.9572,12614788,4.09551335,0.32473651
2019-06-18,1356,25,2933.84,27202000,0.3744548,-0.00012355
2019-06-19,596,11,915.0271,8295761,3.19559778,-0.08614716
2019-06-20,91,4,349.1086,3205600,1.33468508,-0.1592271
2019-06-21,537,12,1258.3025,12178628,-10.70078871,-0.30113505
2019-06-22,96,5,617.7428,6400000,-3.50725907,-0.32408879
2019-06-24,239,2,315.9878,3400000,1.91946388,-0.43298972
2019-06-25,166,6,647.3819,7201000,2.64556407,0.00000259
2019-06-26,611,10,1081.5749,13307860,9.84514747,0.0289851
2019-06-27,1286,30,3004.4724,37858972,10.42756641,0.23211541
2019-06-28,3539,60,6603.3318,74738062,-8.26963666,-0.00026844
2019-06-29,525,4,620.9629,7200000,9.61821059,-0.17416269
2019-07-01,369,8,1004.3497,10801000,0.38591648,0.0164062
2019-07-02,1857,56,4950.8428,49743251,-9.8192841,0.02483236
2019-07-03,792,16,1675.0268,18899716,-0.89787768,-0.00003013
2019-07-04,305,2,293.4919,3400000,-0.41662182,-0.0144802
2019-07-05,214,4,532.0221,5917098,10.91971769,-0.05165768
2019-07-08,8,1,151.895,1700000,1.02132689,-0.00001772
2019-07-09,1045,10,912.7646,11278496.25,-1.96115737,-0.21358892
2019-07-10,77,1,161.3451,2000000,1.19016797,-0.15307812
2019-07-11,384,6,174.3414,2000062.05,-6.38701041,-0.01736482
2019-07-12,838,10,1604.9122,18444904,3.62562209,-0.08737682
2019-07-15,389,10,1535.4077,15397148,25.02704404,-0.01457185
2019-07-16,559,8,742.0679,7953938,-11.36476834,0.07862204
2019-07-17,1892,39,4736.6825,45444832,37.17597426,-0.02063663
2019-07-18,4738,52,6766.5976,66383258,2.8588812,0.0751058
2019-07-19,2188,24,3664.9395,38304030,-4.3543145,0.01810786
2019-07-22,649,7,960.2512,10019000,7.31511378,-0.02285891
2019-07-24,123,2,206.0832,2001000,0.04745059,-0.02058622
2019-07-25,314,2,406.8581,4000000,2.1569471,-0.01980049
2019-07-26,607,7,1029.1662,10071820,9.13194753,-0.0610865
2019-07-27,475,6,946.3296,9263120,-16.63458402,0.00404689
2019-07-28,582,1,210.6701,2000000,-0.15745344,0.05403293
2019-07-29,894,5,1044.248,10000000,-1.66123363,-0.05889286
2019-07-31,17,1,206.62,2000000,0.07232167,-0.04114864
2019-08-01,809,7,1001.5767,10001000,-9.78709455,-0.00000823
2019-08-02,93,3,380.1549,4001000,-0.08180285,0.00000758
2019-08-03,405,4,188.3393,2001000,2.80580348,0.00956764
2019-08-05,520,7,419.3611,4915722,1.71836424,0.00001552
2019-08-06,909,13,838.2725,9947248,1.12774412,-0.2084012
2019-08-07,538,9,1162.8029,13471602,7.80314856,0.06631471
2019-08-08,2130,17,2364.724,28002000,9.93610969,0.32758318
2019-08-09,1303,13,1202.5135,14187152,-6.41918303,0.43695367
2019-08-10,255,1,168.0415,2000000,1.95169926,0.19584292
2019-08-14,1045,10,1337.0889,14003000,1.87507598,0.000034
2019-08-15,605,13,1247.7071,12555410,3.91321214,-0.0590905
2019-08-16,1465,13,2206.1554,22590948,2.32783582,0.02623902
2019-08-17,421,4,476.9415,4933108,-1.03607927,0.12351712
2019-08-18,219,2,389.9123,4000000,1.07152305,-0.03443813
2019-08-19,1016,5,571.5519,6002000,-9.20951327,-0.01923013
2019-08-20,325,5,748.8268,8000000,2.90899492,-0.01869385
2019-08-21,1748,32,3381.2843,35023236,8.03320386,-0.05591424
2019-08-22,555,10,946.5594,9485282,0.91254278,0.00000132
2019-08-23,666,9,1184.2125,12002000,3.33420217,-0.01969668
2019-08-24,16,1,200.6,2000000,5.02579129,-0.03850639
2019-08-25,132,4,480.5075,4892370,0.09382276,-0.05526536
2019-08-26,1692,16,2628.6664,27118602,12.42161249,0.01989087
2019-08-27,640,10,1219.0208,12455062,0.09386754,0.08596838
2019-08-28,958,3,597.0447,6000000,-5.21299811,0.05939906
2019-08-29,2304,27,4037.146,38642008,3.65186834,0.07684006
2019-09-01,865,1,207.7582,2000000,-4.40968988,-0.04165725
2019-09-03,34,2,374.9,4000000,0.00000533,-0.00001484
2019-09-04,611,2,374.36,4000000,2.86315145,-0.06116815
2019-09-05,143,7,11014.0709,6346648.71,1.64634065,0.05548499
2019-09-06,742,9,11527.942,9908416.12,3.88206012,0.09562493
2019-09-07,238,3,568.94,6000000,9.26673486,-0.12086274
2019-09-08,407,1,190.5144,2000000,-1.88831109,-0.01906299
2019-09-09,1766,22,23408.1316,35624174.78,-7.96045838,0.10770408
2019-09-10,542,4,778.8223,8000000,-0.35092129,-0.19254694
2019-09-11,617,9,1345.0915,13467576,0.53203482,-0.00001494
2019-09-12,80,2,196.3824,2000000,-0.8858972,-0.01986458
2019-09-19,245,4,407.5147,4000000,-1.68000077,-0.00002712
2019-09-20,678,6,585.9462,6001000,0.10073035,0.01968911
2019-09-21,235,1,197.08,2000000,-0.75084832,0.00003912
2019-09-23,411,5,606.0319,6001000,0.04868016,-0.02017873
2019-09-24,171,3,203.7776,2001000,2.37607954,0.00000753
2019-09-25,416,9,1389.601,12001033,3.73351135,0.06760038
2019-09-26,252,11,1693.4731,14006000,0.1908924,-0.11958794
2019-09-27,562,7,995.9644,7999846,23.98742968,-0.07463531
2019-09-28,834,1,246.6938,2000000,0.0209772,0.03158556
2019-09-29,887,4,988.226,8000000,-6.16395369,-0.02002192
2019-09-30,1013,10,2267.2562,18000000,2.39204953,0.01668979
2019-10-01,950,14,2296.3642,19114200,-4.65597851,0.0893816
2019-10-07,35,2,505.5768,4000000,7.9293111,-0.00001384
2019-10-08,346,3,728.9382,6000000,2.12028964,-0.05085698
2019-10-10,924,8,1401.5122,12001000,-10.09644506,0.01184016
2019-10-11,126,1,234.46,2000000,0.67566805,0.00001756
2019-10-13,150,2,239.5998,2001000,-0.15586141,-0.04597042
2019-10-14,515,7,726.5914,6001000,2.80689838,0.01250502
2019-10-15,141,1,238.6963,2000000,3.03992543,0.07192795
2019-10-16,146,1,245.3645,2000000,-3.57949631,0.02448434
2019-10-18,375,3,501.1314,4001000,4.71250273,-0.03199801
2019-10-21,111,2,483.54,4000000,0.85920821,-0.00001832
2019-10-22,291,1,241.7525,2000000,-0.17162669,-0.02415032
2019-10-23,67,1,268.0412,2000000,0.07376255,-0.07473279
2019-10-24,783,4,802.9014,6000000,25.98044875,0.09416866
2019-10-25,350,3,799.1951,6000000,1.59778904,0.13883392
2019-10-26,417,10,1654.5722,14003000,-45.20525995,0.05199695
2019-10-27,259,1,215.16,2000000,2.40776591,0.059308
2019-10-28,1600,29,3331.0307,31751276,8.34306302,0.04902925
2019-10-29,204,3,636.92,6000000,2.72073238,0.12942176
2019-10-30,228,2,433.48,4000000,-4.96996964,0.14951995
2019-10-31,156,1,220.62,2000000,-3.32824999,0.00001629
2019-11-03,34,3,21.2403,198100,-0.00380998,-0.00001626
2019-11-07,245,3,380.882,3500000,0.09526216,-0.06785517
2019-11-08,1375,11,1806.8519,16499991,4.28211496,-0.14550959
2019-11-09,544,3,681.6331,6000000,9.3456106,-0.03186976
2019-11-11,484,7,1370.3406,12000000,0.27799982,-0.02293521
2019-11-13,526,7,457.6344,4001000,1.1129842,-0.00000614
2019-11-14,337,3,460.8688,4001000,-1.09076794,0.00000588
2019-11-15,217,4,466.2553,4001000,0.03664424,0.04586736
2019-11-16,340,3,472.6781,4001000,2.53403666,0.0000055
2019-11-18,281,3,473.4779,4001000,-1.2818298,0.00000556
2019-11-19,898,13,1347.4619,10934755,2.19452782,-0.07421334
2019-11-20,413,4,989.42,8000000,4.49119157,-0.09873005
2019-11-21,914,9,1501.581,12000000,1.4954468,-0.00001361
2019-11-22,1108,8,1856.2561,14001000,32.37405646,-0.0263677
2019-11-23,1032,14,2112.5653,15216900,-0.19722013,0.07272472
2019-11-24,234,5,1382.359,10000000,1.91095599,-0.00088479
2019-11-25,913,15,2933.5937,20361733,28.91215731,0.02415892
2019-11-26,625,12,2016.1461,14393327,-0.84138029,-0.05163923
2019-11-27,328,5,1014.8107,7131826,-0.87670239,-0.00003401
2019-11-28,792,9,1335.9045,10002000,3.61439459,-0.06405278
2019-11-29,1430,16,2912.0195,22000000,12.81316027,0.14608536
2019-11-30,280,1,258.3871,2000000,-7.69147824,-0.02321035
2019-12-01,1216,5,1334.1897,10000000,13.61591141,0.0000025
2019-12-02,1214,12,1417.0407,10342984,1.86760934,0.02604589
2019-12-03,311,3,543.9652,3965932,4.55353867,0.02473868
2019-12-04,747,16,2571.5656,19132518,1.51877019,0.00001329
2019-12-05,1562,22,3669.0512,26973084,0.99822173,0.03373781
2019-12-06,666,11,2379.1934,17500713,-0.5833273,-0.03945408
2019-12-07,555,1,335.9353,2500000,-3.9508903,-0.00002617
2019-12-09,631,4,663.5729,5000273,-0.20326498,-0.03345372
2019-12-10,1884,14,2876.8783,21405430,2.56289411,-0.27183078
2019-12-11,2933,17,3586.8652,25905262,32.35627806,-0.06695722
2019-12-12,291,1,348.2933,2500000,1.24106603,-0.00000687
2019-12-13,429,2,693.1022,5000000,0.17643786,-0.00003815
2019-12-16,1014,8,1415.9748,10000000,0.91983867,-0.03543726
2019-12-17,2519,19,3647.3935,24902471,-3.63757289,-0.00001428
2019-12-18,1411,12,2554.2449,17000977,15.3075318,0.25996577
2019-12-19,2725,30,4897.6102,34381212,-3.50496639,0.03497597
2019-12-20,1931,8,1476.5557,10499947,5.62720513,0.00136024
2019-12-21,404,1,349.9799,2500000,0.90450023,0.06364365
2019-12-22,439,1,350.6443,2500000,0.32528874,0.02629044
2019-12-24,318,4,1013.4352,7501000,-2.17122538,0.06785946
2019-12-25,910,7,1040.3032,7510776,5.26682392,0.07168952
2019-12-26,108,3,694.8888,5001000,-0.60834154,-0.03484477
2019-12-28,263,3,696.0297,5001000,1.11589911,0.0000105
2019-12-30,86,1,341.8186,2500000,-0.29044628,0.06833784
2019-12-31,759,3,1035.9009,7500000,-4.10161583,0.06927806
2020-01-01,322,2,694.7633,5000000,0.98812112,0.03473312
2020-01-02,294,5,563.6342,4018450,-0.20468403,-0.05644255
2020-01-03,1276,17,4080.3036,29021000,10.90188668,-0.0000028
2020-01-04,650,10,1708.0205,12500000,8.45267698,0.15046394
2020-01-05,1097,8,1213.8912,9001000,8.58874066,0.06764007
2020-01-06,605,4,805.6916,6000000,3.13366631,-0.04007884
2020-01-07,885,10,1339.072,10610195,-12.894502,-0.01991256
2020-01-08,1377,24,3581.9344,29083909,3.55378242,-0.16379214
2020-01-09,1578,41,4790.8234,38425667,33.70871676,-0.01892853
2020-01-10,2495,36,5282.3447,41686856,3.28579189,0.03791857
2020-01-11,1017,29,3453.8304,27736306,14.04426045,0.03726717
2020-01-12,331,1,185.6184,1500000,-0.63046481,0.03696112
2020-01-14,78,4,286.3775,2431366,0.00225136,0.000001
2020-01-15,249,10,9276.9168,5880065.25,1.1999085,0.25191235
2020-01-16,71,4,386.4751,3344064,0.81456212,0.21986537
2020-01-17,1320,26,10213.0387,14781829.05,3.78458526,0.06929553
2020-01-18,988,9,1518.6134,13500000,3.54410309,-0.22321442
2020-01-19,1613,16,2171.4275,19499628,21.06350759,-0.07513939
2020-01-20,2456,21,2768.8584,24000000,4.15458624,-0.06766705
2020-01-21,92,1,173.415,1500000,16.83655327,-0.05203246
2020-01-22,2050,17,2783.6038,24201340,0.57264035,-0.27911991
2020-01-23,718,12,1581.8911,13500000,24.62033555,-0.1395036
2020-01-24,227,7,1078.2595,9002000,-0.98866079,-0.0000058
2020-01-25,266,1,353.6943,3000000,-3.48514003,-0.00000981
2020-01-27,491,2,346.98,3000000,0.12144981,-0.06915048
2020-01-28,510,10,1660.4094,15001000,-10.52198548,0.06953553
2020-01-29,342,4,631.1299,6001000,19.03925113,0.20492691
2020-01-30,175,3,321.7769,3000000,-0.08316291,-0.02544505
2020-01-31,833,12,1011.3505,9500000,-0.81147294,-0.06963824
2020-02-01,496,8,1123.3907,10500000,3.44915637,-0.14818361
2020-02-02,603,10,977.5895,9142890,1.68963158,-0.25026898
2020-02-03,890,21,2082.0817,19500000,1.32505398,-0.75003726
2020-02-04,259,4,486.207,4500000,3.60482062,-0.0971118
2020-02-05,856,16,1585.9349,14856464,6.60197557,-0.0183759
2020-02-06,1347,20,2730.0127,26597984,-1.45727956,0.37194752
2020-02-07,280,3,459.8648,4500000,0.30230654,-0.04587732
2020-02-08,731,13,1442.7438,14130794,0.27253678,-0.35224121
2020-02-09,1119,8,1499.5362,15000000,-11.70865819,-0.34049912
2020-02-10,2041,29,3931.8661,39001000,8.66356325,-0.57326555
2020-02-11,984,10,1073.6903,10500612,1.68454627,0.23328197
2020-02-12,1148,19,2590.3385,26503000,9.01332568,0.30940161
2020-02-13,2110,34,13968.412,39582041.12,1.65580595,-0.24579552
2020-02-14,602,11,1462.5444,14970659,-1.90737078,-0.52000561
2020-02-15,523,4,435.1392,4500000,-0.87367054,-0.39518792
2020-02-16,1581,26,2455.9926,24504000,11.07480584,-0.18087493
2020-02-17,4485,42,5805.2068,56720126,0.26480818,-0.09086005
2020-02-18,5131,33,6479.0436,63002000,-17.23327738,-0.77784585
2020-02-19,505,5,742.0813,7500000,-0.02049487,-0.08209596
2020-02-20,249,3,469.0343,4500000,0.01847271,-0.26520798
2020-02-21,409,7,626.9813,6000000,0.26185131,-0.29492248
2020-02-24,257,5,563.7507,5500000,-5.97622596,-0.20322235
2020-02-25,580,12,1772.6355,17000000,2.76450858,-0.12513752
2020-02-26,938,12,1482.7696,13589645,0.16185099,-0.12055561
2020-02-27,899,10,1887.7456,16560500,-13.52521694,-0.67359142
2020-02-28,1246,19,2677.3509,23178602,5.12879102,-0.34098739
2020-02-29,778,6,859.7448,7500000,31.91112447,-0.10398034
2020-03-01,960,9,1575.9685,13500000,3.68510868,-0.15750108
2020-03-02,304,8,1227.7654,10500000,1.9492617,-0.31518455
2020-03-04,265,1,169.8016,1500000,0.02623335,-0.1716765
2020-03-05,376,8,1021.2104,9191763,-31.40735619,-0.11902892
2020-03-06,750,9,1103.8433,10004725,0.29751824,-0.19739275
2020-03-08,80,2,346.92,3000000,0.10090439,-0.10227879
2020-03-09,1306,13,2905.0535,24000000,23.86035156,-0.05429356
2020-03-10,1093,19,2781.5857,22007260,2.9341447,-0.00002028
2020-03-11,631,8,1511.4573,12000000,11.38727681,-0.04163424
2020-03-12,1713,40,6065.0929,38935249,-22.48469416,0.01915375
2020-03-13,4941,193,19778.0305,99181951,275.53795475,3.57897712
2020-03-14,1236,46,4931.5766,25342000,-31.30713645,6.12041049
2020-03-15,239,5,559.215,3000000,-9.21922351,3.71074209
2020-03-16,3761,79,10651.2336,53250546,-20.8059466,0.57795496
2020-03-17,843,24,3149.4446,16363668,21.76336425,1.38596739
2020-03-18,822,13,1524.2037,8074603,8.51584151,0.97759008
2020-03-19,1402,16,2418.0015,13101535,-25.94085463,0.64582485
2020-03-20,2819,51,6323.2516,40130924,-78.8517813,1.00260665
2020-03-21,1608,31,3502.823,21466067,1.97490297,-0.13642833
2020-03-22,2146,44,5539.8369,34567975,25.54875408,0.88757254
2020-03-23,3548,60,6934.3143,41928502,46.68148444,-0.50567864
2020-03-24,552,9,991.3197,6604763,5.50114405,0.31790102
2020-03-25,113,4,597.58,4000000,1.35649637,0.31528005
2020-03-26,116,6,324.6797,2161778,-0.62950774,0.60222478
2020-03-27,568,10,1038.9219,7000299,-10.26482096,0.00368897
2020-03-28,257,11,1603.3887,10000000,33.97613041,0.93200049
2020-03-29,132,1,160.77,1000000,2.64667794,1.56145234
2020-03-30,898,5,1000.445,6006000,61.31053094,0.2300886
2020-03-31,1653,11,1864.0363,12002000,2.08264039,-0.05623355
2020-04-01,502,1,475.3423,3000000,6.35149575,0.11773331
2020-04-02,293,6,742.6675,5000000,-0.6859943,0.54602267
2020-04-03,2333,25,3542.4509,24715942,-110.02862944,0.10052404
2020-04-06,840,2,847.5963,6000000,-29.79599752,-0.09430121
2020-04-07,304,4,416.569,3000000,0.1443157,-0.12270774
2020-04-08,1455,7,1651.8005,11959356,1.48061607,0.04978507
2020-04-09,788,11,1098.3133,7999359,-3.34641684,0.14767857
2020-04-10,106,4,430.4201,3000001,16.6737097,0.67256228
2020-04-11,758,7,985.4436,6782136,15.56050755,2.09304386
2020-04-12,1001,1,756.9024,5218000,-0.74054288,0.58718943
2020-04-13,1185,9,2080.262,14051172,22.29862062,1.31918133
2020-04-14,1676,5,1312.7444,9000000,5.83249943,0.63326395
2020-04-15,376,3,884.9598,6000000,0.18006055,-0.00124833
2020-04-16,942,7,1289.509,9001463,-12.81586454,0.01142544
2020-04-20,1,1,0.1409,1000,0.00199702,-0.00002116
2020-04-21,1031,4,1324.6383,9209804,11.01849592,0.42736348
2020-04-22,394,2,464.5185,3209000,5.61269745,-0.00006503
2020-04-23,1793,5,1688.5003,12001000,-2.68649332,-0.00000407
2020-04-26,4045,8,2383.487,18003000,-2.01004734,-0.06261984
2020-04-27,7441,26,4193.5615,32020147,2.9233819,0.06321084
2020-04-28,1159,6,778.2087,6000951,-0.63302909,-0.00002123
2020-04-29,3447,24,3486.2628,28029670,13.22838822,0.00001354
2020-04-30,4242,28,4763.3175,42006268,5.46455094,-0.15548516
2020-05-01,4765,26,5245.5428,45994724,23.61413564,0.02456419
2020-05-03,2234,9,1568.4897,14000000,10.17142803,0.00002141
2020-05-04,3311,11,2289.0259,20002275,-3.09356774,0.01462811
2020-05-05,142,1,174.915,1532192,10.05654253,0.02393746
2020-05-06,947,6,1466.1533,13474654,5.98581571,0.02388127
2020-05-07,1142,11,2179.6402,20120872,-13.25811286,-0.00071954
2020-05-08,4,2,0.4133,4000,-0.01694464,0.00002891
2020-05-09,367,5,621.6253,6000324,-0.04502281,-0.02074521
2020-05-10,1503,26,4403.1958,38173080,49.17873392,-0.02129806
2020-05-11,852,10,2017.7149,18000336,-0.23719375,0.06182205
2020-05-12,844,16,2462.5521,21004626,-25.58523436,-0.06448108
2020-05-14,1842,16,3331.089,32001000,-26.41735993,-0.13716902
2020-05-15,126,2,421.94,4000000,8.02668034,-0.04141963
2020-05-19,907,6,936.4747,9001000,-9.65698593,-0.00000523
2020-05-20,1,1,0.1034,1000,-0.00022271,-0.00001544
2020-05-21,1030,12,1922.7423,18020583,9.15850703,-0.18850344
2020-05-22,1214,12,1732.0885,15726507,32.23537262,-0.08832145
2020-05-23,83,3,327.6742,3000000,-0.09665333,0.02677491
2020-05-24,440,7,655.5654,6000000,-0.47816584,-0.18723252
2020-05-25,551,9,1120.1994,9933360,17.61248758,0.06907479
2020-05-26,8,1,169.2,1500000,4.64047428,0.04426301
2020-05-27,285,2,664.6034,6000000,-3.7909121,0.00694822
2020-05-28,495,2,490.2775,4506767,-0.1134683,-0.04865333
2020-05-29,175,5,474.1518,4506804,-16.07976059,-0.04766998
2020-06-02,1045,7,1862.4817,18000100,-0.24605009,1.0060742
2020-06-03,642,10,1238.4937,11741191,-45.37317781,-0.6284039
2020-06-05,352,1,457.555,4500000,-0.34315417,-0.04645827
2020-06-06,584,2,931.1401,9000000,7.78189546,-0.09299727
2020-06-07,337,2,621.5436,6000000,-0.56596538,-0.20272077
2020-06-08,415,1,615.3245,6000000,-6.26243931,-0.04650418
2020-06-11,1174,8,1837.555,18000342,-11.58753864,-0.09108349
2020-06-12,1882,28,3748.6369,34926712,-1.59947944,0.14832492
2020-06-13,1019,13,1929.9599,18105620,0.44127168,-0.19546538
2020-06-15,571,8,1156.371,10532971,37.8565742,-0.1780819
2020-06-16,562,6,635.8324,6001047,6.49906006,0.01209953
2020-06-18,113,1,319.8866,3000000,-0.29873504,0.09590481
2020-06-19,630,4,961.5226,9000000,-0.56284158,0.12875484
2020-06-22,629,1,641.8762,6000000,-0.63341526,0.0000068
2020-06-23,394,2,463.5229,4501000,-0.14500146,-0.09335005
2020-06-24,1034,9,1713.2406,16104383,18.48414719,-0.22932246
2020-06-25,143,1,332.0266,3000000,13.76992062,-0.25802277
2020-06-26,676,8,982.5916,8999117,10.22956041,-0.26475248
2020-06-27,936,5,1146.7201,10500000,8.50076539,-0.24573005
2020-06-28,474,4,668.8536,6002000,10.3386714,-0.00001041
2020-06-29,45,3,53.1432,479756,0.00265646,0.00103091
2020-06-30,58,2,52.3133,478636,0.72971104,0.00000659
2020-07-01,827,6,980.4537,9004791,-0.33527698,0.00242095
2020-07-02,1391,8,2269.3509,21004365,-10.81235826,-0.19524424
2020-07-03,785,8,992.9242,8999946,11.24803503,-0.1050656
2020-07-04,361,1,331.0009,3000000,0.075129,-0.14774913
2020-07-05,753,1,886.391,8000000,0.20330508,-0.39568513
2020-07-06,1524,8,2188.8312,20000851,-9.81070803,0.11332183
2020-07-07,149,1,323.2941,3000000,-0.04381256,0.07459362
2020-07-08,36,2,7276.1374,1733903.58,-0.06921359,0.1717491
2020-07-09,629,3,958.05,9000000,3.58168337,0.49183877
2020-07-10,580,1,649.9786,6000000,-12.55349281,0.27273269
2020-07-14,134,2,7265.5365,1737011.17,0.17793096,0.11038223
2020-07-21,303,7,800.2872,7500877,-0.04700778,0.03207153
2020-07-22,496,3,803.9272,7500000,0.77015548,0.06409746
2020-07-23,178,5,790.4522,7500000,-0.00001437,0.00001429
2020-07-24,437,2,1094.5634,10500000,11.12209257,0.03147514
2020-07-25,2,1,311.28,3000000,4.24388823,0.0625671
2020-07-28,2179,28,5947.4613,64503115,3.90182423,-2.002892
2020-07-29,2060,26,6294.314,69278852,8.210275,-1.28938894
2020-07-30,703,3,1091.4315,12019475,5.0858084,-1.0979338
2020-07-31,267,4,814.3496,9001000,-0.02952773,0.45148669
2020-08-01,613,3,796.3535,9130581,28.21533106,0.17033585
2020-08-02,3075,33,6525.669,73911606,38.92759804,-0.12672394
2020-08-03,355,2,446.1101,5006503,4.63655862,-0.00002113
2020-08-04,952,9,1761.4601,19767870,6.10601997,0.23939186
2020-08-05,627,4,1043.869,12000000,7.73270928,0.30552177
2020-08-06,1080,9,1795.9914,21001000,23.80392595,-0.12853332
2020-08-07,2219,20,4862.6461,57000000,9.30575429,-0.34181722
2020-08-08,1856,9,2059.6936,24001000,14.87850583,0.00001052
2020-08-12,3781,31,6299.2843,71552374,-11.03932383,-0.06499093
2020-08-13,1941,12,2475.5551,28499738,11.40503946,-0.33288536
2020-08-14,2,2,0.17,2000,-0.00121554,-0.00002314
2020-08-18,2464,8,2335.6866,28862253,-4.18958556,0.66581265
2020-08-19,3082,22,5657.602,67145020,15.28619122,-0.45488406
2020-08-20,1713,10,2615.4608,30638175,12.68005584,0.12777302
2020-08-21,803,9,1658.5404,19537854,8.42094438,0.17845041
2020-08-22,276,1,341.1293,3965300,-0.18502809,0.27600266
2020-08-23,270,2,511.7848,5917411,-4.99616403,0.15024904
2020-08-24,533,4,1073.2033,12622000,3.99105949,0.23069966
2020-08-25,871,3,910.6373,10501000,6.8323402,-0.06454657
2020-08-26,3257,31,6154.8965,69947205,22.51667278,-0.10269297
2020-08-27,2335,28,5340.8801,61161790,-14.51031325,-0.19753446
2020-08-28,220,9,1340.931,15004000,-25.23994094,-0.02668126
2020-08-29,143,3,73.3147,839295,0.00020231,-0.0000229
2020-08-30,480,5,847.24,9838000,0.76911773,-0.01859466
2020-08-31,198,2,1025.6783,12000000,0.24487433,-0.30846296
2020-09-01,878,13,2411.4915,28556314,-0.6515887,-0.56055884
2020-09-02,1212,15,4027.206,45523752,55.32824255,-1.13983596
2020-09-03,2334,33,6633.4245,74223398,37.28411547,-0.3972312
2020-09-04,2908,34,6385.3047,67568618,50.46487675,0.48089504
2020-09-05,4213,56,10309.5189,107154904,61.04240116,-0.06312492
2020-09-06,2656,38,6824.9739,69219530,27.0789467,0.0097112
2020-09-07,678,6,1276.4322,13000000,1.35792687,0.01816559
2020-09-08,2653,21,5244.5581,52948886,3.38656206,-0.30055314
2020-09-09,1742,4,2051.7616,21000000,-40.10191334,-0.26189702
2020-09-10,595,1,874.1277,9000000,-22.35143847,-0.17422783
2020-09-13,769,3,857.317,9019245,-0.5608838,-0.08378397
2020-09-14,1023,5,1881.9457,19574556,-0.51760997,1.08090701
2020-09-15,404,2,427.4825,4574556,-8.95433329,-0.42070145
2020-09-17,428,2,1084.9848,12000000,-62.37905103,-0.19222857
2020-09-18,421,3,826.7711,9000000,-20.28164064,-0.11715859
2020-09-20,168,1,273.5471,3000000,-0.10174735,-0.27208293
2020-09-21,968,4,1418.3096,15000000,-0.40755354,0.37285604
2020-09-22,604,4,1148.46,12000000,28.47681014,0.30043066
2020-09-23,1315,12,2571.3946,27016520,-3.64313374,0.0818891
2020-09-24,1285,10,2924.9763,30002000,23.46981479,0.0370482
2020-09-25,607,16,2225.8764,23665282,-32.36760491,0.0226415
2020-09-26,305,6,1025.8965,10977464,4.87272711,-0.18057757
2020-10-02,445,2,852.2106,9000748,10.91011896,5.6e-7
2020-10-05,111,4,562.6711,6038573,-0.00000941,-0.00000173
2020-10-06,112,1,276.005,2961427,0.10089239,0.14748661
2020-10-07,58,2,564.93,6000000,2.68497829,0.04917869
2020-10-08,449,5,3497.6116,9594363.43,6.98273274,0.85929072
2020-10-12,869,13,2179.6423,24592686,-1.19464108,0.01765791
2020-10-13,206,2,471.2586,5409000,-0.36157517,0.21096261
2020-10-14,260,1,2857.9469,720235.64,9.01458225,0.16323927
2020-10-15,1538,11,2641.2135,29992500,-7.77675716,0.21114163
2020-10-16,1132,9,2385.9965,27011065,-3.85201803,0.07640243
2020-10-20,920,4,1284.6485,15000607,0.25897881,-0.42255806
2020-10-21,2702,16,5908.7662,72195370,-146.1261631,-0.03642917
2020-10-22,3219,37,7115.1374,91742403,19.5695635,-0.27019993
2020-10-23,726,6,1525.5543,20001155,-14.71446158,0.00514167
2020-10-27,370,2,859.4713,11444068,-0.37230177,0.25169227
2020-10-28,812,15,2342.5825,31425891,31.37485158,-0.14749981
2020-10-29,958,17,3851.7993,50658945,50.92742554,0.00084997
2020-10-30,3398,53,10518.9799,141444717,-8.56313645,-0.05854146
2020-10-31,859,7,1768.0632,24067372,21.59877241,0.01550137
2020-11-02,1982,20,4776.9013,64415826,7.06413281,-0.01743263
2020-11-03,1333,31,4401.4403,59405932,31.99829828,0.07066043
2020-11-04,447,4,1093.446,15001060,-13.35191279,-0.0364121
2020-11-05,1613,23,2408.4427,35184641,25.57034782,-0.0004446
2020-11-06,1100,15,4873.4765,75000000,-33.09816025,-0.22652883
2020-11-07,2563,51,22292.889,94007609.94,15.2427129,-0.0325003
2020-11-08,4772,62,16331.1601,176495147.59,-16.10151766,-0.45598551
2020-11-09,1897,45,6065.0523,94158458,-57.3174462,-0.25515681
2020-11-10,1476,26,4326.5073,66010713,-10.23085092,0.07148226
2020-11-16,333,1,628.736,10000000,0.00359484,-0.18695
2020-11-18,956,15,3057.7871,54521642,-24.79406156,-0.16668899
2020-11-20,205,2,557.2276,10001642,-8.10593686,0
2020-11-21,792,8,1616.4876,30001791,-1.01211911,0.1383046
2020-11-22,425,7,1258.4263,23349411,-7.90078587,0.03302093
2020-11-23,412,5,1150.4921,21165462,-2.74547395,0.22136072
2020-11-24,727,7,3718479.0337,22688925.97,4.30967932,0.28525864
2020-11-25,123,2,265.4032,5001000,17.6790211,0.24369216
2020-11-26,3674,69,9983.1144,175846884,10.87671665,0.02632723
2020-11-27,5689,59,11013.2977,186677093,68.44212569,0.00378654
2020-11-28,1037,9,2067.6914,34889523,0.69027184,0.11800247
2020-11-29,487,4,1122.9398,20000000,18.24888267,0.05561836
2020-11-30,1756,30,3947.1641,74249473,9.74088785,-0.18727901
2020-12-01,3084,28,6083.1086,118854331,-61.5920771,-1.91905017
2020-12-02,670,8,1023.8673,19222485,42.5898121,-0.52149116
2020-12-04,535,8,1799.1982,33941740,-0.00002855,0.00002886
2020-12-05,296,6,1267.628,23941000,1.31567555,-0.08846966
2020-12-06,276,2,526.2307,10000000,-1.23977779,-0.28732409
2020-12-07,241,2,519.7849,10060859,-12.97217591,-0.05093145
2020-12-09,520,5,1153.3735,21003093,-0.20836068,-0.08667369
2020-12-10,1320,14,2596.4939,47233243,0.26045872,-0.09098499
2020-12-11,572,3,1318.0285,23819000,-1.94967937,0.20020674
2020-12-13,386,5,1308.55,25000000,57.13764177,0.1607458
2020-12-14,30,1,260.95,5000000,2.81806134,-0.02605283
2020-12-17,2490,35,6507.4564,146351945,-57.98047425,-0.05315515
2020-12-18,1411,19,3199.7545,73700394,15.99265903,-1.01732873
2020-12-19,53,1,217.2,5000000,1.6895593,-1.10130663
2020-12-21,2772,42,6642.3883,154600813,-16.84882843,-0.80696587
2020-12-22,507,6,1087.8851,24927374,31.5029993,0.32185355
2020-12-23,347,6,1287.4236,30064798,4.95871279,0.06136594
2020-12-24,2650,95,55374363.6877,24564414.86,45.24047944,-0.13114048
2020-12-25,27,2,203.6598,5013787,-0.02299723,-0.14725793
2020-12-26,337,3,535.9555,12897697,1.08857265,-1.58499328
2020-12-27,107,2,372.3294,10000000,1.48402687,-1.77433461
2020-12-28,888,16,17084.3432,27896146.76,-129.99868839,1.42794168
2020-12-29,408,6,753.1604,20180000,-1.37803143,1.14202357
2020-12-30,2562,54,37814526.9137,18282000.7,18.84375056,0.62510309
2020-12-31,1464,21,2550.6754,73164757,-9.39290648,-0.52081044
2021-01-02,656,3,675.0347,20000597,-30.30568562,-0.11681856
2021-01-03,204,5,617.5183,20000593,0.80677732,-0.86140576
2021-01-04,827,17,2208.0224,70198834,14.34412984,0.03316333
2021-01-05,735,13,9213131.9231,41834600.9,40.4825582,0.11803191
2021-01-06,1573,9,30100.7825,52297340.5,-11.83581908,-1.05841831
2021-01-07,871,4,0,36.8,7.5058287,-1.47995613
2021-01-08,241,6,653.8856,25250000,-18.25617168,-1.49135034
2021-01-11,5030,76,19620.8078,287353901.4,58.80087051,-0.95216435
2021-01-12,2154,24,2733.3573,96166320.36,24.9745125,-0.53660594
2021-01-13,1682,9,877.5357,30035024.73,20.915434,-0.09032232
2021-01-14,903,12,1450.2957,55001000,20.84162645,-0.72488463
2021-01-15,1908,29,3462.5312,131194427,11.04179626,-2.37487557
2021-01-16,2977,42,4767.4268,173692579,0.66928038,-0.16561772
2021-01-17,213,5,486.6753,16993203,-3.96459998,0.14257002
2021-01-18,295,5,667.0771,24000000,0.89217657,0.2789844
2021-01-19,361,2,411.8731,15000000,4.36962688,0.23977461
2021-01-20,374,3,418.1405,15000000,4.98834888,-0.29461428
2021-01-21,800,9,1358.8315,45429207,12.89761345,-0.16071206
2021-01-22,1523,27,3971.5934,121655334,95.13513884,0.01609818
2021-01-23,675,12,2167.0687,70819755,-47.42906365,-0.13333199
2021-01-24,243,5,372.0667,12183261,0.086154,0.02634134
2021-01-25,539,11,1097.415,37000372,0.14530517,0.11239831
2021-01-27,706,17,1918.2518,60139831,14.58928516,-0.11851599
2021-01-28,210,5,346.5571,10878023,39.23739959,0.01701778
2021-01-29,3598,47,6508.2738,229664005,48.13527083,-0.0461938
2021-01-30,993,12,1265.4478,45001292,-18.41627329,0.48980041
2021-01-31,309,2,592.5357,20000000,0.14449002,-0.17673016
2021-02-01,1738,21,19526838.3415,42610990.07,21.44642215,-0.13462312
2021-02-02,312,4,569.35,20000000,8.20242766,-0.30766013
2021-02-04,587,8,1074.567,40000000,-38.34456015,-1.24963045
2021-02-05,1194,22,8936078.4529,64014432.61,-35.4961524,-1.15471674
2021-02-06,325,2,253.0755,10000000,1.82104485,-2.25843277
2021-02-07,1279,20,2571.3372,100000000,-31.12965961,-2.49448473
2021-02-08,3034,37,4216.9274,175460393,14.40741419,-0.14104396
2021-02-09,1513,18,11060334.9887,60203632.2,-82.18520875,-2.52621776
2021-02-10,602,4,765.3234,35000000,-2.23638712,-0.906916
2021-02-11,111,2,336.8059,15000000,6.56196918,-0.1139319
2021-02-13,2216,14,1572.532,75004539,-8.36294548,-0.7551434
2021-02-14,1086,14,1350.2935,66024523,-20.96604837,-0.69816613
2021-02-15,332,10,975.9047,45498594,0.00222182,-1.38928878
2021-02-16,983,11,1001.3084,48159708,-26.11430381,-0.26570581
2021-02-18,850,48,10658.2975,23443824.38,5.07425609,-1.35248726
2021-02-19,1413,21,1274.8824,66423918,0.01435856,-2.01056229
2021-02-20,503,10,1456.808,22135170.99,14.16468083,-2.03378006
2021-02-21,672,14,3686.6856,26373714.53,0.17419748,-1.59832488
2021-02-22,1398,33,6419.0667,84484017.45,14.38927804,-1.91985883
2021-02-23,429,8,501.4626,25008619,70.81573457,-0.33724512
2021-02-24,896,10,1026.1962,52001790,0.05033974,-0.09726098
2021-02-25,1643,13,1389.9092,69982385,11.84050943,-0.26111009
2021-02-26,8208,170,63751.9441,301684994.21,48.34015004,-0.09210955
2021-02-27,4174,60,12387.6402,167518608.66,0.41360121,0.77686051
2021-02-28,241,1,214.3528,10000000,-2.41299635,1.54524812
2021-03-01,369,7,2663.1875,13780288.46,-0.90324037,0.74973114
2021-03-03,1662,15,2394.2576,83241309.81,-0.77666999,0.44718717
2021-03-04,1553,21,8121.1661,56743687,31.88587018,-0.34526109
2021-03-06,110,1,103.3745,5000000,6.069003,-0.20522487
2021-03-08,495,5,464.963,23436186,1.06683243,-0.7057817
2021-03-10,710,3,550.8002,30000000,-9.30919216,-0.72539117
2021-03-11,218,2,183.25,10000000,-8.85547895,-1.26762511
2021-03-12,595,7,712.0243,40000000,1.32740046,-1.85512113
2021-03-13,1969,11,782.5955,44997419,-73.64953181,-0.40211586
2021-03-14,170,2,163.55,10000000,0.24447519,-0.48832909
2021-03-15,314,4,271.9824,15506959,0.61958971,-0.43384152
2021-03-16,361,2,371.5778,20000000,24.8001317,-0.12637593
2021-03-17,289,2,355.4458,20000000,0.00452706,-0.10877598
2021-03-18,424,2,259.5031,15216070,0.03346137,-0.64248005
2021-03-19,68,1,81.6138,4783930,1.61180754,-1.13687733
2021-03-20,1080,11,1096.0238,65000000,-4.83507526,-0.23902555
2021-03-21,3282,25,1778.528,103365668,-9.96633072,-0.61335353
2021-03-22,230,1,173.8847,10000000,0.11434136,-0.14637282
2021-03-23,87,1,183.2319,10000000,11.74963748,-0.22102605
2021-03-24,151,1,183.5493,10000000,0.12661353,-0.17972462
2021-03-25,754,5,758.5093,40000000,39.32622325,-0.16074762
2021-03-27,1940,9,909.7729,50169906,-0.04935336,-0.09212707
2021-03-28,554,3,534.6089,30000000,0.17083786,-0.43020642
2021-03-29,295,2,183.8685,10170000,1.04438219,-0.4110292
2021-03-30,248,1,174.5395,10000000,-4.39910782,-1.92259561
2021-04-04,1172,7,1043.8657,60000000,-13.94545307,-1.04686572
2021-04-08,737,3,364.9976,20729392,-0.68463997,-0.28256233
2021-04-10,894,4,649.0945,38523084,-30.44454849,-0.17012449
2021-04-16,931,5,808.4435,49250000,0.01091879,-0.01603137
2021-04-18,211,9,830.25,45000000,91.11990836,-0.08802297
2021-04-19,1551,7,980.4941,55000000,-0.02035527,-0.21059741
2021-04-20,890,7,974.3329,53223605,29.01955247,-0.15272591
2021-04-21,1280,8,1135.8467,62441454,5.09430764,-0.02182944
2021-04-22,1642,14,1212.0849,65967690,3.14191606,-0.25672406
2021-04-23,7459,93,20329.6611,184567478.05,10.8586651,0.81474446
2021-04-24,4331,44,12515.0822,155469768.88,13.30129549,0.73614213
2021-04-26,4764,30,15050.6906,131075241.57,40.43673107,0.16264125
2021-04-27,2048,13,1622.2402,86370695,-45.10272252,-0.22454964
2021-04-30,223,1,186.7175,10000000,-2.70251906,-0.10597469
2021-05-01,13385,40,9279700.737,81842323.31,1.50819248,-2.39208326
2021-05-02,297,2,175.8314,10000000,1.72940814,-1.73180956
2021-05-03,5043,17,6026.4698,18842963.98,1.37441322,-3.87154006
2021-05-04,3047,21,4401369.6605,98143022.66,-3.02008521,-4.5352274
2021-05-05,1642,8,680.6111,37581012,31.1344966,-2.33373056
2021-05-06,3439,21,2289366.0226,38228171.52,-109.37509876,-2.48697057
2021-05-07,496,5,320.0588,18321867,-5.41268006,-2.62537735
2021-05-08,1529,5,239.7667,18183218.38,-15.00270583,-1.38245924
2021-05-10,952,5,320.2569,18938431,0.93130567,-0.7634168
2021-05-11,12444,91,5893549.6334,129660919.05,-90.12874258,-0.79932335
2021-05-12,4134,14,4504464.3569,27071272.19,-21.86626996,-0.61085939
2021-05-13,6750,62,2898344.1081,185714817.91,-36.16228652,-1.24616154
2021-05-14,4892,24,796209.4437,79133006.7,41.96153764,-2.38114275
2021-05-15,659,3,3614.7639,13940432.48,-5.08215997,-1.40379113
2021-05-17,4976,35,1343469.1774,102821374.31,72.22792116,-0.08845274
2021-05-18,4435,38,10052.6458,141726760.65,45.33903866,-0.0563645
2021-05-19,6074,58,26110.637,234367840.28,13.22889782,1.27027751
2021-05-20,10943,82,34965.8944,306661938.67,-281.83947272,-1.07430648
2021-05-21,8575,58,35548.5414,221583689.49,18.16820321,-1.85916522
2021-05-22,6066,18,20526.2591,56154159.71,124.13423318,2.83285539
2021-05-23,849,3,2127.2785,14170472.16,-11.62552037,2.727136
2021-05-24,16452,65,52111.5268,115320571.97,106.50630342,5.12557427
2021-05-25,10314,24,32628.8722,120438211.76,43.53293135,-2.29886784
2021-05-26,2594,8,7912.1359,41624872.07,41.45368011,4.2275256
2021-05-27,566,3,332.5317,13235054,24.31373682,0.85147337
2021-05-28,3916,23,17817.5642,90494627.19,50.53794139,0.35053105
2021-05-29,6698,37,3445.2936,123567549,27.1060965,0.642369
2021-05-30,4009,16,11437.0951,41731225.57,12.63715787,1.53397087
2021-05-31,6392,26,9947.9222,109496988.09,1.73911206,1.03771977
2021-06-01,9242,33,18409.9212,176198147.04,65.54857409,0.2354014
2021-06-02,4606,20,7289.5221,72650578.71,13.38326664,1.4135443
2021-06-03,15562,43,3173937.9475,139641038.12,44.76891647,4.2475432
2021-06-04,13096,64,2424143.5079,196644956.72,22.73368165,-0.20918853
2021-06-05,6974,33,21314.6887,141533571.99,61.26357163,1.69081852
2021-06-06,58,2,152.1218,5500000,26.79851136,0.23215497
2021-06-08,10466,48,27986.2958,170528162.72,171.40823947,-0.03983039
2021-06-09,7978,37,28422.2899,149309233.58,136.93824955,-0.50022681
2021-06-10,8022,38,2969147.3975,124989046.69,-91.64201166,0.97433307
2021-06-11,7676,12,2250800.3474,33140844.6,6.2131359,0.16492611
2021-06-12,4272,27,6233.6373,98301508.79,16.97612822,0.3918885
2021-06-13,725,6,559.5572,19919600,3.90013179,0.01160867
2021-06-14,3371,26,7009.377,120593517.87,69.03561541,0.43092759
2021-06-15,4398,8,11555.7689,34413934.35,21.21042814,-0.22463139
2021-06-16,189,2,254.5596,10000000,3.28005199,0.23285784
2021-06-17,1715,14,2907.5419,59700253.02,9.90291006,1.4132766
2021-06-18,3674,25,11591.8615,108707233.93,146.94073458,0.38798805
2021-06-19,12924,38,2157.5589,78005700,5.35039826,-0.72693023
2021-06-20,901,6,882.7244,30000000,-55.97505961,-0.17642877
2021-06-21,23767,77,45576.7925,270271294.5,47.78995081,-0.27648487
2021-06-22,17101,76,48181.2757,270959673.1,39.08535396,0.886623
2021-06-23,12416,55,13197901.2185,190208553.3,-57.49828968,-0.3840613
2021-06-24,7633,16,6076207.6787,55141693.09,-29.26390096,0.37443178
2021-06-25,1592,10,1077.1488,36639700,139.25205552,0.67842412
2021-06-26,5664,10,18274.1563,75089970.22,-96.76626656,0.1630649
2021-06-27,1510,3,6802.8622,21935385.47,0.26438296,-0.15085186
2021-06-28,572,3,748.6537,20335240.59,-43.84699457,0.50310004
2021-06-29,561,1,2412.1296,5070788.59,0.77856997,-0.81038465
2021-06-30,993,2,4349.9755,9225919.08,-35.05660364,-0.41188173
2021-07-01,8020,24,24029.0087,131392120.2,-26.69128104,-3.0163859
2021-07-02,2759,5,11791.2197,24335696.46,-36.66948798,0.04734632
2021-07-04,4026,10,8264.8129,57669179.9,1.27878784,0.04637588
2021-07-05,743,4,8434.4219,19763576.95,1.92012981,-0.86337338
2021-07-06,1796,8,5769.4152,24482463.45,-1.85897612,-0.01080671
2021-07-08,4528,10,14902.0225,60751941.38,60.52847952,-1.12800465
2021-07-09,2286,4,6031.7174,22301403.36,35.46081248,-0.0052353
2021-07-10,708,5,668.8055,22503500,-0.43943581,0.25245074
2021-07-13,2218,10,2280.3475,75070200,-18.83263773,0.62424223
2021-07-14,245,2,293.7768,9493500,5.08844144,0.31893201
2021-07-16,170,1,316.8293,10000000,13.30236173,0.24144617
2021-07-18,599,1,310.3537,10000000,6.8714114,0.06460592
2021-07-22,676,5,1036.5676,33030000,11.80849063,0.02145662
2021-07-23,622,2,618.0727,20000000,11.30234749,0.00004906
2021-07-24,226,2,345.8385,11099800,-0.05874335,0.04553722
2021-07-25,14,1,16.4885,573800,1.56021197,-0.2738258
2021-07-26,6023,21,20360.1213,132912743.66,42.89203797,-0.51563033
2021-07-27,3385,36,5731.8416,168271792.76,17.77073013,0.09760239
2021-07-28,4222,26,10558.8719,134823260.6,11.06748168,-0.14941808
2021-07-29,552,12,1531.5027,60279600,-1.01954454,-0.58067955
2021-07-30,826,6,1037.3791,40000000,16.86736107,-1.12210616
2021-07-31,95,1,83.3345,3429400,-3.83939869,-0.18570323
2021-08-02,5080,14,8058634.9132,102208772.14,0.55729865,-0.19356948
2021-08-03,7084,15,7740815.2115,103825359.23,-12.46477702,-0.20385862
2021-08-05,192,2,265.1017,10510400,8.14210938,0.22984128
2021-08-06,1295,17,2005.7768,81062600,48.410403,0.04596843
2021-08-07,4895,15,14856.4821,91291518.32,17.10110528,-0.30827164
2021-08-08,7027,35,27909.3163,166898122.78,23.05926975,-1.51886631
2021-08-09,14910,72,52817.7146,303263714.91,66.07258609,-2.40938312
2021-08-10,3655,31,7783.2369,119923979.73,65.80583753,-2.64869182
2021-08-11,4932,26,14861.725,103189802.16,71.63953304,-1.80576864
2021-08-12,2132,13,8239.0835,76390781.37,2.97092394,-1.01308255
2021-08-13,5446,22,18088.2508,145436109.22,38.98256277,-0.48919079
2021-08-14,391,4,162.6612,7694200,51.68157358,-3.96978415
2021-08-15,409,2,224.5821,10500000,2.44085839,-1.16924406
2021-08-17,89,1,108.1555,5000000,2.9420899,-1.00084851
2021-08-18,8038,33,28810.7416,191633844.01,63.76807463,-1.07372809
2021-08-19,6806,25,25048.2701,154951542.81,30.87847286,-0.01026267
2021-08-20,1006,7,1053.0197,50000000,26.62044533,0.26672194
2021-08-21,194,2,206.4177,10000000,21.10756671,0.24641949
2021-08-22,377,4,284.6919,14000000,2.70809698,0.24494619
2021-08-23,57,3,60.1174,3000000,1.74564656,0.30125668
2021-08-24,2088,5,4455.4531,42515257.78,10.91020742,0.28358084
2021-08-25,1928,10,9317.9396,56633952.86,9.16426414,0.16070952
2021-08-26,7809,37,35909.4393,250258443.59,61.84045344,0.05678169
2021-08-27,400,2,421.2039,20000000,-0.4479594,0.4458818
2021-08-28,1800,4,8325.4889,27218998.48,3.00538638,-1.15511749
2021-08-29,254,2,3841.6454,12351576.8,3.38670715,-0.2732378
2021-08-30,2369,5,7539.9027,33740767.89,6.60896201,0.26626439
2021-08-31,712,2,423.8901,20000000,-3.61392064,0.3339418
2021-09-02,1987,4,7146.7072,36131387.95,-0.55924096,1.18153214
2021-09-03,2592,8,8558.1583,60398775.4,17.10739535,3.18309105
2021-09-04,153,1,199.3473,10000000,5.08586862,2.46341431
2021-09-06,2805,12,1614.9782,83351200,149.78930953,2.24445769
2021-09-07,1656,15,4634.5148,118952682.01,57.1473406,0.63326212
2021-09-08,4806,28,22427,226665125.98,-51.1829438,0.22306407
2021-09-09,679,5,854.0022,39148900,-1.81210126,2.45055854
2021-09-10,587,5,843.8237,38296600,-11.13370131,1.9183238
2021-09-12,273,2,1557.3073,14606614.69,-1.20320424,1.42188707
2021-09-13,641,3,1433.3784,18787970.24,-1.06185768,1.20776459
2021-09-14,734,2,431.2231,20000000,0.04305759,-0.09585183
2021-09-15,1644,8,1460.5208,69200000,29.41890211,0.9436117
2021-09-16,3795,14,13530.7104,104378539.1,12.18909672,0.6520647
2021-09-17,876,5,3537.4587,38392133.54,5.77364852,-0.95175417
2021-09-18,9706,16,7810030.3314,72871251.88,22.83379043,-0.22227241
2021-09-20,4164,19,768855.42,105929317.19,69.26739398,0.01443754
2021-09-21,5918,30,18915.6301,218573029.78,116.06426447,-0.17454495
2021-09-22,12834,44,6821061.8006,194158257.11,70.6057664,0.12943371
2021-09-23,2326,9,1723545.7341,51594113.11,10.14730873,1.67882369
2021-09-24,9329,26,24822.1822,173259512.35,47.19579594,0.00274079
2021-09-25,1759,8,3438.2226,48674482.29,23.65380072,0.64022553
2021-09-26,14154,35,9054609.1892,132905856.02,96.31096512,-0.07364896
2021-09-27,1325,4,4746.2053,33148837.96,41.8900769,0.16942746
2021-09-29,2931,9,3918492.1441,48326547,0.08219709,-0.10298535
2021-10-06,4553,9,6039155.7142,24454987.67,0.52360738,-0.71331315
2021-10-07,502,1,2744.8712,9950206.75,1.04953182,-0.83735685
2021-10-12,1358,4,529.0999,30080800,1.53538096,-1.54130526
2021-10-13,1773,7,3712.7655,59852135.66,-105.70162143,-2.07630057
2021-10-15,2619,4,6938.0701,35835586.45,3.97648059,-3.47316086
2021-10-20,503,2,1720.2761,16077361,2.83603965,-1.94305027
2021-10-21,2933,10,6745.77,65938596.22,-67.17253017,-4.57332275
2021-10-22,1231,6,1852.487,33832420.83,-76.85034747,-3.62899966
2021-10-23,2494,9,3728.4155,55094216.05,-39.99868422,-3.76207437
2021-10-27,172,3,256.777,15000000,2.296973,-1.63480951
2021-10-30,468,2,321.244,20000000,16.66753915,-3.34091648
2021-10-31,783,4,1000.4795,27568243.43,8.35797021,-2.35873281
2021-11-05,333,1,1434.9383,6484411.47,-22.09650592,-1.03154801
2021-11-10,323,3,149.3824,10003100,-12.58451655,-1.28722376
2021-11-11,360,6,220.2875,14270800,2.66766074,-2.53255472
2021-11-13,463,2,316.6932,20000000,1.72314481,-1.60458459
2021-11-16,5552,10,12427.4948,78762460.62,-75.11523338,-1.375605
2021-11-17,4908,4,9033.8061,46732854.42,-67.30700401,-0.61174144
2021-11-18,959,1,3018.8308,12966641.65,1.2445631,-0.96373014
2021-11-19,19639,10,11969199.6281,74006994.71,-42.34162021,-0.08566209
2021-11-26,4963,10,15635.3003,83476755.54,-1.95254305,0.11343079
2021-11-28,11720,5,8302.6094,33654563.8,6.81171579,0.02076106
2021-11-29,671,2,355.9561,20000000,-18.74189656,0.31747355
2021-12-01,732,4,361.9279,20916600,-0.83779387,0.2619626
2021-12-04,304,2,423.1585,20000000,-82.52559183,0.25422287
2021-12-07,722,3,595.3428,30000000,-83.98394122,0.02679581
2021-12-21,584,2,231.5569,10776800,-0.06613647,0.06854355
2021-12-23,125,1,83.7553,4092400,3.79139846,0.02444743
2021-12-24,1523,4,708.1706,35907600,7.51853058,0.00078233
