date,amount_xbt,balance_after_xbt,equity_before_xbt,share_of_equity_before,cumulative_withdrawn_xbt,cumulative_realised_xbt,withdrawn_share_of_cumulative_realised,days_since_previous_withdrawal,days_since_profit_peak,drawdown_from_peak_xbt
2018-03-22,1.96801713,0,1.96801713,1,1.96801713,-0.24713766,,,2,-1.95590493
2018-03-30,0.2012,2.21035794,2.41155794,0.0834,2.16921713,0.40073847,5.413,8,10,-1.3080288
2018-03-31,0.2012,2.36217277,2.56337277,0.0785,2.37041713,0.7537533,3.1448,1,11,-0.95501397
2018-04-18,1.0012,3.33818361,4.33938361,0.2307,3.37161713,1.9974575,1.688,18,0,0
2018-04-24,1.0012,3.02608379,4.02728379,0.2486,4.37281713,2.68655768,1.6277,6,0,0
2018-04-25,0.5016,2.54538234,3.04698234,0.1646,4.87441713,2.70745623,1.8004,1,0,-0.06876912
2018-04-27,1.0012,3.80937178,4.26461302,0.2348,5.87561713,4.42668691,1.3273,2,0,0
2018-05-12,2.0012,5.65967584,7.66087584,0.2612,7.87681713,8.82414973,0.8926,15,0,0
2018-07-28,4.0012,22.88308672,26.88428672,0.1488,11.87801713,26.5892096,0.4467,77,0,0
2018-08-10,2.5012,24.99486659,27.49606659,0.091,14.37921713,31.20218947,0.4608,13,0,0
2018-08-13,0.5004,26.72832838,27.22872838,0.0184,14.87961713,33.43605126,0.445,3,0,-0.58431577
2018-09-05,7.012,30.21580918,37.22780918,0.1884,21.89161713,43.93553206,0.4983,23,0,0
2018-11-25,1.0012,69.76405751,70.76525751,0.0141,22.89281713,78.1676175,0.2929,81,0,0
2018-11-28,10.012,75.7119588,85.7239588,0.1168,32.90481713,94.12751879,0.3496,3,0,0
2018-11-29,10.012,68.89699932,78.90899932,0.1269,42.91681713,97.32455931,0.441,1,0,0
2018-12-07,10.012,98.10936439,108.12136439,0.0926,52.92881713,136.54892438,0.3876,8,0,0
2018-12-23,10.012,109.40339517,119.41539517,0.0838,62.94081713,157.85495516,0.3987,16,6,-4.51170683
2018-12-29,20.012,118.72828942,138.74028942,0.1442,82.95281713,187.19184941,0.4431,6,0,0
2019-01-11,10.012,112.01438751,122.02638751,0.082,92.96481713,190.4899475,0.488,13,3,-4.23610477
2019-01-15,10.012,137.19527361,147.20727361,0.068,102.97681713,225.6828336,0.4563,4,0,0
2019-02-09,20.012,152.70645501,172.71845501,0.1159,122.98881713,261.206015,0.4708,25,0,0
2019-03-08,8.0012,173.71774102,181.71894102,0.044,130.99001713,290.21850101,0.4513,27,0,-0.93127743
2019-04-10,20.012,150.31438419,170.32638419,0.1175,151.00201713,286.82714418,0.5265,33,11,-21.89766619
2019-04-18,10.012,156.50733554,166.51933554,0.0601,161.01401713,303.03209553,0.5313,8,19,-5.69271484
2019-04-23,20.012,158.6556002,178.6676002,0.112,181.02601713,325.19236019,0.5567,5,0,0
2019-05-06,20.012,171.05599568,191.06799568,0.1047,201.03801713,357.60475567,0.5622,13,0,0
2019-05-12,20.012,158.30005526,178.31205526,0.1122,221.05001713,364.86081525,0.6058,6,1,-2.69855561
2019-05-27,20.012,176.30856076,196.32056076,0.1019,241.06201713,402.88132075,0.5983,15,4,-2.15363497
2019-06-16,20.012,168.21349955,188.22549955,0.1063,261.07401713,414.79825954,0.6294,20,0,0
2019-06-26,20.012,158.31765884,178.32965884,0.1122,281.08601713,424.91441883,0.6615,10,0,0
2019-07-18,20.012,201.58828841,221.60028841,0.0903,301.09801713,488.1970484,0.6168,22,0,0
2019-07-19,20.015,177.21897391,197.23397391,0.1015,321.11301713,483.8427339,0.6637,1,1,-4.3543145
2019-09-06,20.012,200.60179079,220.61379079,0.0907,341.12501713,527.23755078,0.647,49,0,0
2019-12-10,0.011,329.22516959,329.23616959,0,341.13601713,655.87192958,0.5201,95,5,-2.17456585
2019-12-11,1.0012,360.58024765,361.58144765,0.0028,342.13721713,688.22820764,0.4971,1,0,0
2020-01-08,20.012,379.65833472,399.67033472,0.0501,362.14921713,727.31829471,0.4979,28,2,-9.34071958
2020-01-11,30.012,400.68510382,430.69710382,0.0697,392.16121713,778.35706381,0.5038,3,0,0
2020-01-17,50.012,355.84393312,405.85593312,0.1232,442.17321713,783.52789311,0.5643,6,0,0
2020-02-15,50.012,402.20969135,452.22169135,0.1106,492.18521713,879.90565134,0.5594,29,2,-2.78104132
2020-03-13,50.012,632.58715842,682.59915842,0.0733,542.19721713,1160.29511841,0.4673,27,0,0
2020-03-24,50.012,526.43570723,576.44770723,0.0868,592.20921713,1104.15566722,0.5363,11,11,-56.13945119
2020-05-02,50.012,539.75996555,589.77196555,0.0848,642.22121713,1167.49192554,0.5501,39,31,-33.49338478
2020-05-11,50.015,548.48664394,598.50164394,0.0836,692.23621713,1226.23360393,0.5645,9,1,-0.23719375
2020-08-02,72.012,594.55444741,666.56644741,0.108,764.24821713,1344.3134074,0.5685,83,0,0
2020-08-19,50.012,621.01037156,671.02237156,0.0745,814.26021713,1420.78133155,0.5731,17,0,0
2020-08-24,50.002,590.91923915,640.92123915,0.078,864.26221713,1440.69219914,0.5999,5,3,-1.19013263
2020-10-02,50.012,643.95178233,693.96378233,0.0721,914.27421713,1543.73674232,0.5922,39,24,-122.85989284
2020-12-20,50.012,573.16720242,623.17920242,0.0803,964.28621713,1522.96416241,0.6332,79,103,-143.63247275
2021-01-29,100.012,752.47058482,852.48258482,0.1173,1064.29821713,1802.27954481,0.5905,40,0,0
2021-03-08,50.012,702.97971668,752.99171668,0.0664,1114.31021713,1802.80067667,0.6181,38,33,-11.86846605
2021-04-05,100.012,590.44951113,690.46151113,0.1448,1214.32221713,1790.28247112,0.6783,28,61,-24.3866716
2021-06-20,300.021,1175.13,1475.16,0.2034,1514.34321713,2674.98819261,0.5661,76,1,-55.97505961
2021-07-27,300.05,964.41523272,1264.47,0.2373,1814.39321713,2764.31919271,0.6564,37,32,-50.03416955
2021-08-19,400.05,1070.22,1470.27,0.2721,2214.44321713,3270.17871983,0.6772,23,0,0
2021-09-03,300.05,929.50583831,1229.56,0.244,2514.49321713,3429.5097983,0.7332,15,0,-0.61700274
2021-09-23,300.05,1095.02,1395.07,0.2151,2814.54321713,3895.07476818,0.7226,20,0,-1.25414452
